item_id,item_category_id,item_cat_coef
30,40,0.000460052
31,37,0.008320169
32,40,0.0036293
33,37,0.004844655
38,41,0.009259259
42,57,0.002018163
45,57,0.011099899
51,57,0.008072654
53,57,0.009081736
57,57,0.012108981
59,57,0.009081736
62,37,0.004949974
64,40,0.000153351
67,40,0.001175689
69,54,0.03461063
70,49,0.0234375
76,37,0.00073723
91,37,0.003370195
93,43,0.012019231
109,57,0.004036327
138,45,0.013793103
149,45,0.048275862
153,45,0.020689655
154,45,0.04137931
166,45,0.006896552
202,45,0.055172414
205,45,0.055172414
213,45,0.075862069
226,45,0.020689655
234,45,0.062068966
248,45,0.075862069
253,45,0.020689655
259,45,0.04137931
269,45,0.020689655
308,45,0.055172414
313,45,0.048275862
315,45,0.006896552
325,45,0.075862069
353,45,0.013793103
356,45,0.027586207
388,45,0.034482759
407,45,0.034482759
408,45,0.034482759
413,45,0.034482759
421,45,0.020689655
445,45,0.006896552
448,45,0.048275862
464,49,0.037259615
473,49,0.008413462
474,49,0.001802885
477,73,0.001336898
478,73,0.006684492
482,73,0.151069519
486,73,0.426470588
491,73,0.045454545
492,76,0.547785548
494,49,0.010216346
496,73,0.012032086
502,31,0.002589332
503,31,0.006732263
504,31,0.002071466
505,31,0.000517866
515,31,0.00569653
521,31,0.001035733
528,78,0.038461538
536,76,0.004662005
539,78,0.038461538
544,77,0.133333333
547,77,0.066666667
560,77,0.2
571,77,0.066666667
578,78,0.019230769
583,78,0.019230769
592,78,0.038461538
616,78,0.038461538
638,77,0.066666667
650,78,0.019230769
686,73,0.002673797
687,73,0.040106952
688,78,0.153846154
719,77,0.266666667
758,77,0.066666667
784,49,0.015024038
787,49,0.046274038
790,49,0.006009615
792,73,0.104278075
794,73,0.022727273
797,54,0.066749073
798,54,0.023485785
799,54,0.003708282
800,54,0.004944376
801,54,0.007416564
803,54,0.019777503
805,54,0.075401731
806,49,0.081730769
829,73,0.03342246
831,73,0.002673797
832,49,0.006009615
833,54,0.027194067
835,73,0.018716578
837,73,0.006684492
838,54,0.018541409
839,73,0.081550802
843,78,0.019230769
849,78,0.019230769
856,78,0.038461538
858,78,0.057692308
859,78,0.019230769
868,78,0.019230769
888,77,0.066666667
902,77,0.066666667
961,37,0.001369142
968,40,0.00148239
969,37,0.000947867
970,55,0.001376118
971,55,0.002502033
972,55,0.00225183
975,55,0.001876525
978,37,0.004949974
979,37,0.000105319
982,37,0.006951027
986,40,5.11E-05
988,37,0.003475513
1007,67,0.014427412
1010,67,0.014427412
1012,67,0.004508566
1016,67,0.001803427
1018,67,0.003606853
1023,67,0.000901713
1037,75,0.006302521
1075,40,0.001124572
1077,37,0.003896788
1087,55,0.000688059
1090,55,0.001939075
1100,31,0.003107198
1101,57,0.004036327
1102,57,0.012108981
1104,55,0.000125102
1121,55,0.009507725
1131,55,0.00225183
1132,55,0.000875712
1133,58,0.007989348
1142,60,0.117647059
1175,76,0.013986014
1177,76,0.006993007
1182,76,0.004662005
1199,55,0.001000813
1201,55,0.003940702
1202,58,0.00665779
1204,55,0.000375305
1215,58,0.007989348
1224,55,0.001376118
1231,58,0.002663116
1232,58,0.009320905
1233,56,0.041198502
1239,55,0.000938262
1241,55,0.001063364
1247,55,0.001000813
1249,55,0.002564584
1256,55,0.001188466
1257,55,0.001876525
1288,40,0.000306701
1290,55,0.001063364
1292,58,0.001331558
1293,55,0.001813974
1294,58,0.002663116
1295,58,0.002663116
1296,58,0.003994674
1297,58,0.001331558
1298,58,0.001331558
1299,58,0.002663116
1306,55,0.000500407
1307,55,0.006943141
1315,55,0.000437856
1322,55,0.000437856
1324,55,0.00075061
1325,55,0.000938262
1329,55,0.001063364
1332,55,0.001876525
1333,58,0.003994674
1334,58,0.003994674
1341,55,0.001000813
1364,30,0.000674992
1377,23,0.004467691
1384,30,0.022544718
1387,28,0.002131847
1388,19,0.002237554
1389,20,0.007625152
1390,23,0.001634521
1391,24,0.016578249
1406,28,0.000983929
1409,19,9.32E-05
1413,19,0.000559388
1424,31,0.002589332
1432,31,0.002071466
1433,31,0.000517866
1435,31,0.001553599
1453,19,0.001212008
1454,23,0.000435872
1464,23,0.009480222
1465,19,0.015942569
1466,23,0.014492754
1467,19,0.010441917
1469,19,0.012865933
1483,23,0.016781083
1484,19,0.020883834
1485,19,0.00596681
1486,23,0.025280593
1493,31,0.000517866
1495,30,0.004252447
1496,20,0.010553652
1506,31,0.000517866
1515,24,0.00795756
1519,31,0.003625065
1523,21,0.288184438
1534,28,0.01721876
1535,23,0.006538084
1537,23,0.01242236
1538,19,0.020790602
1539,30,0.013432332
1540,20,0.031660957
1541,29,0.008130081
1544,29,0.132113821
1545,20,0.001215604
1547,25,0.009626955
1548,29,0.016260163
1555,28,0.010495244
1556,20,0.005414963
1557,24,0.034482759
1559,31,0.009321595
1560,23,0.019287349
1562,31,0.003107198
1563,30,0.018224772
1564,19,0.031418982
1565,23,0.005230467
1567,31,0.01294666
1569,19,0.003169868
1570,23,0.006647052
1571,23,0.012749264
1572,19,0.017713966
1573,31,0.004142931
1576,31,0.004660798
1578,20,0.012874351
1579,24,0.007625995
1581,20,0.005304454
1582,24,0.005636605
1583,20,0.036468118
1584,24,0.020225464
1586,20,0.008011935
1587,24,0.00464191
1588,31,0.016053858
1610,55,0.000187652
1611,55,0.000625508
1618,58,0.003994674
1622,58,0.002663116
1663,56,0.001872659
1670,55,0.001626321
1673,55,0.002064177
1682,55,0.00075061
1686,55,0.001125915
1687,58,0.005326232
1716,55,0.004628761
1717,55,0.001188466
1721,58,0.003994674
1725,55,0.002627135
1729,55,0.000437856
1730,55,0.000312754
1740,55,0.001813974
1741,55,0.002502033
1743,55,0.00075061
1753,55,0.001563771
1754,55,0.000187652
1761,55,0.00306499
1775,55,0.000688059
1783,30,0.000269997
1788,72,0.008035467
1789,31,0.009321595
1792,31,0.004142931
1793,31,0.003625065
1794,31,0.002071466
1809,30,0.000742491
1811,19,0.000745851
1813,30,0.000539993
1814,20,0.01497403
1815,24,0.012267905
1816,20,0.003646812
1817,24,0.00265252
1819,31,0.002071466
1820,31,0.006732263
1829,28,0.000491965
1837,23,0.001089681
1846,23,0.024190912
1847,19,0.027782957
1856,19,0.000932314
1857,20,0.009503813
1859,24,0.00729443
1865,20,0.00911703
1866,24,0.007625995
1876,19,0.021629685
1877,20,0.006575312
1878,23,0.016454179
1879,24,0.010941645
1880,19,0.000279694
1881,20,0.002431208
1905,30,0.006884914
1914,30,0.010732366
1916,30,0.001822477
1963,30,0.001754978
1965,20,0.000773566
1969,20,0.00104984
1970,20,0.001160349
1971,20,0.017128965
1988,22,0.054563492
2001,31,0.001553599
2004,31,0.001035733
2031,19,0.00065262
2035,20,0.002596972
2036,24,0.001657825
2039,30,0.004657442
2040,19,0.007551743
2047,30,0.03280459
2049,19,0.001118777
2050,20,0.001270859
2059,20,0.001547132
2062,23,0.003704914
2078,55,0.000813161
2081,58,0.010652463
2088,58,0.003994674
2090,55,0.001000813
2100,55,0.001688872
2104,55,0.001876525
2119,58,0.001331558
2129,55,0.000125102
2131,55,0.00150122
2140,55,0.001751423
2141,58,0.003994674
2152,55,0.003440295
2153,58,0.009320905
2164,58,0.005326232
2182,55,0.002001626
2183,58,0.005326232
2187,55,0.002064177
2191,58,0.001331558
2196,55,0.001813974
2206,55,0.001125915
2210,55,0.000688059
2215,55,0.000312754
2226,58,0.001331558
2232,58,0.001331558
2235,49,0.004206731
2244,55,0.001376118
2252,30,0.017009787
2267,19,0.005407421
2269,30,0.011542356
2270,23,0.000871745
2271,24,0.004973475
2272,31,0.002589332
2275,31,0.002589332
2276,31,0.002071466
2277,31,0.002589332
2283,30,0.015119811
2284,19,0.00596681
2285,20,0.005138689
2286,23,0.010134031
2287,24,0.010941645
2288,28,0.00360774
2293,28,0.023942276
2297,24,0.00331565
2306,31,0.004660798
2308,30,0.034762065
2311,31,0.000517866
2317,31,0.001553599
2320,31,0.000517866
2334,31,0.002071466
2335,31,0.001553599
2336,31,0.001553599
2337,31,0.001035733
2338,31,0.000517866
2354,30,0.000269997
2360,57,0.013118063
2369,22,0.071428571
2376,30,0.000742491
2378,31,0.002589332
2379,31,0.002071466
2380,31,0.000517866
2401,31,0.001035733
2416,30,0.001147486
2422,30,0.019709754
2423,20,0.027627362
2424,23,0.007954669
2425,24,0.00198939
2429,28,0.013775008
2430,20,0.002320698
2431,24,0.066312997
2442,23,0.005448404
2443,19,0.00130524
2445,30,0.012554843
2458,55,0.001563771
2461,55,0.001626321
2470,55,0.002376931
2484,55,0.001188466
2490,58,0.005326232
2492,58,0.001331558
2498,31,0.010357328
2508,40,0.000460052
2523,56,0.033707865
2529,58,0.009320905
2531,58,0.007989348
2536,55,0.002064177
2544,58,0.002663116
2550,55,0.003377744
2574,55,0.005379371
2576,55,0.011008945
2577,58,0.014647137
2578,55,0.003377744
2581,58,0.005326232
2585,58,0.001331558
2591,56,0.029962547
2592,55,0.001626321
2594,58,0.00665779
2597,58,0.001331558
2600,58,0.011984021
2607,55,0.003127541
2614,55,0.001626321
2615,58,0.007989348
2623,55,0.000562957
2625,55,0.000375305
2626,55,0.001000813
2634,58,0.005326232
2635,55,0.002001626
2637,58,0.003994674
2639,55,0.00231438
2652,55,0.002001626
2663,55,0.002064177
2664,58,0.005326232
2671,55,0.003753049
2678,23,0.002506266
2688,23,0.000762777
2693,31,0.001035733
2696,28,0.010659233
2697,19,0.005034496
2698,20,0.003812576
2699,23,0.001089681
2700,24,0.002320955
2703,30,0.000674992
2707,30,0.000539993
2708,23,0.000326904
2743,24,0.00464191
2744,30,0.004994938
2753,30,0.016874789
2754,19,0.000372926
2755,23,0.000435872
2757,26,0.860465116
2760,19,0.004941264
2777,23,0.000108968
2778,30,0.000404995
2779,19,0.002610479
2780,20,0.003094265
2781,23,0.000435872
2782,24,0.008289125
2785,20,5.53E-05
2787,19,0.00065262
2788,20,0.00408885
2789,23,0.00054484
2791,20,0.009780086
2799,19,0.0080179
2808,30,0.008369895
2810,23,0.00054484
2813,28,0.020662512
2816,19,0.002051091
2817,20,0.002873246
2818,23,0.001525553
2819,24,0.006962865
2834,31,0.000517866
2837,31,0.002071466
2838,20,0.004033595
2839,24,0.00331565
2840,31,0.000517866
2851,19,0.000372926
2852,19,0.005220958
2853,23,0.001198649
2859,25,0.168471721
2860,25,0.062575211
2861,25,0.093862816
2862,25,0.057761733
2863,25,0.044524669
2864,25,0.012033694
2865,25,0.019253911
2866,25,0.062575211
2867,25,0.019253911
2868,25,0.044524669
2869,25,0.026474128
2870,25,0.057761733
2871,25,0.018050542
2872,25,0.036101083
2873,25,0.036101083
2874,25,0.009626955
2875,25,0.054151625
2876,19,0.003915719
2877,20,0.00198917
2878,23,0.005775308
2879,24,0.00331565
2880,25,0.013237064
2882,25,0.030084236
2883,25,0.031287605
2884,25,0.027677497
2885,25,0.032490975
2886,25,0.032490975
2918,23,0.004358723
2919,19,0.007458512
2921,21,0.25648415
2922,31,0.001035733
2936,19,0.004568339
2937,23,0.001743489
2939,21,0.005763689
2943,31,0.004142931
2944,31,0.002071466
2946,21,0.21037464
2951,19,0.000372926
2954,23,0.004794595
2955,19,0.002703711
2956,21,0.005763689
2958,23,0.001961425
2959,19,0.003263099
2964,30,0.001147486
2969,30,0.000674992
2971,28,0.001639882
2975,20,0.001768151
2976,24,0.003647215
2987,76,0.009324009
3000,75,0.011029412
3002,76,0.002331002
3007,75,0.035189076
3014,75,0.013130252
3026,19,0.008111132
3027,20,0.005801746
3028,23,0.006320148
3034,20,0.000442038
3042,20,0.000828821
3054,20,0.001215604
3071,30,0.007559906
3072,20,0.001657642
3076,19,0.010721611
3077,23,0.0180887
3079,55,0.000250203
3080,58,0.005326232
3082,55,0.000125102
3096,58,0.002663116
3101,55,0.000562957
3107,55,0.000625508
3108,55,0.002126728
3115,55,0.001813974
3134,76,0.004662005
3136,76,0.009324009
3139,76,0.006993007
3140,75,0.00262605
3141,75,0.040966387
3144,75,0.004726891
3146,75,0.016281513
3148,75,0.045693277
3150,76,0.006993007
3156,76,0.011655012
3158,75,0.016281513
3159,75,0.00262605
3160,75,0.00262605
3168,55,0.000437856
3170,55,0.001626321
3182,20,0.000221019
3216,30,0.001484981
3217,19,0.000745851
3218,23,0.000435872
3219,76,0.013986014
3221,30,0.001147486
3227,31,0.006732263
3229,31,0.001035733
3232,22,0.003968254
3234,30,0.003509956
3236,19,0.003449562
3237,20,0.00397834
3238,23,0.001961425
3239,24,0.013262599
3240,31,0.000517866
3243,30,0.008842389
3244,20,0.001933915
3245,24,0.002320955
3263,20,0.001823406
3268,55,0.001125915
3274,55,0.002126728
3277,55,0.000938262
3280,55,0.000437856
3286,55,0.000375305
3290,55,0.000375305
3316,19,0.000279694
3328,23,0.001525553
3329,19,0.002983405
3331,30,0.013094836
3333,20,0.000221019
3334,21,0.023054755
3335,23,0.003269042
3340,30,0.001214985
3341,19,0.058456088
3342,20,0.00911703
3343,23,0.065707748
3344,24,0.019562334
3350,19,0.087823979
3351,20,0.108851807
3352,23,0.107115615
3353,24,0.100464191
3364,23,0.006864989
3365,19,0.001864628
3372,55,0.00075061
3377,58,0.002663116
3385,55,0.000813161
3392,23,0.00337801
3393,23,0.002179361
3394,23,0.004358723
3396,31,0.007767996
3403,31,0.039875712
3406,31,0.042465044
3409,31,0.008285862
3411,31,0.002071466
3412,31,0.000517866
3413,31,0.001035733
3415,31,0.000517866
3416,31,0.001035733
3418,31,0.015535992
3421,23,0.003813883
3423,23,0.021139806
3424,19,0.017807197
3440,31,0.006214397
3442,23,0.022665359
3443,30,0.02321971
3444,19,0.054913295
3445,20,0.039617637
3446,23,0.017107987
3452,31,0.004660798
3457,28,0.001311906
3458,20,0.002983755
3459,24,0.003647215
3460,28,0.00541161
3462,20,0.001160349
3464,24,0.040782493
3466,31,0.006732263
3472,30,0.002227472
3473,31,0.01294666
3477,24,0.002320955
3479,19,0.010908074
3480,23,0.011223711
3484,20,5.53E-05
3485,19,0.002890173
3500,20,5.53E-05
3525,31,0.001553599
3528,75,0.009453782
3535,29,0.012195122
3537,30,0.004589943
3541,19,0.001212008
3543,30,0.000877489
3546,30,0.002767465
3547,19,0.00130524
3548,23,0.000108968
3552,23,0.008826414
3553,24,0.007625995
3554,23,0.00337801
3556,23,0.013621009
3557,24,0.006299735
3558,24,0.045424403
3572,56,0.014981273
3580,55,0.000688059
3597,56,0.046816479
3598,58,0.103861518
3599,56,0.209737828
3605,55,0.000938262
3609,55,0.00231438
3617,55,0.001939075
3620,55,0.000375305
3622,55,0.000500407
3624,55,0.000562957
3633,19,0.001584934
3634,23,0.000762777
3635,30,0.001957476
3640,55,0.000187652
3641,55,0.001813974
3651,55,0.001438669
3652,55,0.000375305
3656,55,0.00225183
3657,58,0.005326232
3659,58,0.005326232
3673,23,0.003269042
3675,23,0.003486978
3676,23,0.010025063
3677,23,0.00054484
3678,24,0.073607427
3683,31,0.005178664
3686,19,0.00065262
3688,20,0.014642502
3689,19,0.001491702
3692,22,0.097222222
3695,19,0.003636025
3707,19,0.000839083
3708,19,0.009043446
3713,23,0.000980713
3715,31,0.005178664
3719,30,0.006007425
3726,31,0.032107716
3731,30,0.073371583
3732,19,0.0192989
3733,20,0.010774671
3734,23,0.021139806
3735,24,0.013594164
3744,31,0.004142931
3746,31,0.002071466
3753,30,0.002092474
3755,19,0.000559388
3756,20,0.005525472
3757,23,0.000435872
3758,24,0.00331565
3759,20,5.53E-05
3769,55,0.00150122
3774,55,0.001000813
3777,55,0.000500407
3778,58,0.001331558
3787,55,0.003127541
3802,56,0.001872659
3818,55,0.000250203
3821,58,0.002663116
3822,55,0.000625508
3823,55,0.00225183
3831,55,0.00231438
3832,23,0.002506266
3833,23,0.002724202
3835,23,0.005884276
3837,24,0.044098143
3838,24,0.038129973
3839,24,0.011604775
3840,23,0.00337801
3842,24,0.00397878
3849,20,0.000110509
3851,19,0.006153272
3860,54,0.014833127
3862,49,0.008413462
3863,54,0.00618047
3866,28,0.002295835
3868,19,0.013238859
3871,23,0.008608478
3891,55,0.000688059
3896,55,0.00075061
3897,55,0.000875712
3898,55,0.001438669
3913,58,0.002663116
3916,55,0.002877338
3917,55,0.007193345
3919,58,0.037283622
3920,56,0.288389513
3923,58,0.009320905
3928,20,0.007072605
3932,22,0.007936508
3934,20,0.001160349
3935,23,0.00283317
3943,22,0.020833333
3945,22,0.032738095
3953,55,0.001876525
3960,55,0.002752236
3967,55,0.001876525
3970,55,0.001626321
3971,55,0.000813161
3985,55,0.000375305
3987,55,0.001376118
3988,55,0.000125102
3989,56,0.003745318
3990,55,0.001000813
3992,55,0.000312754
4001,55,0.000375305
4002,55,0.000437856
4003,55,0.000813161
4008,55,0.000688059
4009,58,0.003994674
4014,58,0.003994674
4024,55,0.00150122
4039,57,0.015136226
4041,57,0.010090817
4044,31,0.000517866
4045,20,0.00408885
4049,23,0.006973957
4050,24,0.00928382
4051,19,0.004381876
4052,20,0.005525472
4053,23,0.002397298
4054,19,0.000932314
4055,20,0.001878661
4056,24,0.001657825
4059,23,0.000217936
4063,55,0.00150122
4067,55,0.001251016
4070,55,0.000500407
4072,55,0.000312754
4084,37,0.013480779
4085,40,0.007360834
4088,58,0.005326232
4091,58,0.001331558
4092,55,0.000437856
4100,55,0.000437856
4102,55,0.002689685
4103,58,0.005326232
4104,56,0.001872659
4107,55,0.000375305
4110,55,0.000813161
4116,58,0.002663116
4117,58,0.002663116
4135,75,0.004201681
4138,75,0.017331933
4141,75,0.00210084
4142,76,0.002331002
4143,75,0.00262605
4144,76,0.004662005
4145,76,0.006993007
4178,75,0.172268908
4179,76,0.013986014
4181,75,0.3125
4183,76,0.013986014
4184,76,0.006993007
4186,75,0.019432773
4187,76,0.002331002
4188,76,0.009324009
4190,75,0.009978992
4191,76,0.018648019
4192,76,0.023310023
4198,76,0.006993007
4203,76,0.002331002
4217,76,0.011655012
4225,30,0.001282484
4228,19,0.00130524
4231,20,0.004586142
4233,22,0.133928571
4240,23,0.007736733
4241,23,0.000653808
4242,23,0.006973957
4244,23,0.013838945
4247,24,0.010278515
4248,23,0.010351967
4249,23,0.010242999
4251,30,0.001012487
4260,31,0.003107198
4261,30,0.005197435
4271,20,0.003481048
4280,31,0.007250129
4285,55,0.000500407
4312,58,0.007989348
4316,58,0.009320905
4334,30,0.007019912
4335,22,0.024801587
4336,19,0.003542793
4337,20,0.000828821
4343,31,0.000517866
4348,19,0.002330785
4349,23,0.010569903
4351,30,0.014849814
4352,22,0.012896825
4354,20,0.000110509
4356,24,0.00397878
4357,30,0.005939926
4359,22,0.02281746
4360,19,0.002330785
4363,24,0.00397878
4364,22,0.024801587
4365,23,0.009153318
4367,19,0.002517248
4369,31,0.001035733
4382,40,0.000408935
4385,30,0.021194735
4387,19,0.014357636
4388,20,0.004530887
4389,23,0.00283317
4390,24,0.00729443
4391,30,0.000472494
4392,31,0.000517866
4393,22,0.004960317
4395,20,0.000221019
4397,24,0.00198939
4406,58,0.010652463
4408,55,0.001313567
4413,55,0.011446801
4414,58,0.009320905
4415,56,0.043071161
4416,56,0.029962547
4418,55,0.00075061
4420,55,0.002939889
4424,55,0.0038156
4427,55,0.001125915
4431,55,0.002064177
4433,56,0.003745318
4442,55,0.000125102
4445,55,0.001125915
4455,30,0.001349983
4466,19,0.003636025
4467,23,0.002397298
4470,19,0.00130524
4478,19,0.01734104
4479,20,0.010166869
4480,22,0.04265873
4493,30,0.005737428
4495,24,0.00397878
4516,55,0.002126728
4531,55,0.001063364
4535,75,0.004726891
4539,75,0.00157563
4540,75,0.00157563
4541,75,0.00157563
4548,75,0.007878151
4551,55,0.001125915
4553,55,0.000250203
4554,55,0.00150122
4555,55,0.00150122
4557,55,0.000437856
4561,55,0.000500407
4564,55,0.001063364
4573,55,0.001563771
4579,55,0.000562957
4583,55,0.000250203
4595,58,0.003994674
4602,55,0.001688872
4604,55,0.001438669
4607,55,0.002001626
4608,58,0.001331558
4610,55,0.003627948
4615,55,0.001876525
4628,55,0.001563771
4633,67,0.00541028
4634,67,0.023444545
4636,67,0.009918846
4637,67,0.018034265
4638,67,0.006311993
4639,67,0.012623986
4653,55,0.001125915
4660,58,0.009320905
4669,55,0.001438669
4678,55,0.002126728
4679,55,0.001751423
4694,57,0.009081736
4706,55,0.011884656
4707,58,0.009320905
4708,56,0.02247191
4710,55,0.001313567
4717,55,0.005066617
4719,30,0.065744178
4720,31,0.030554117
4721,20,0.041827826
4722,24,0.021883289
4736,30,0.000472494
4739,31,0.002071466
4754,31,0.004660798
4755,31,0.004142931
4764,31,0.003625065
4765,31,0.002589332
4767,31,0.000517866
4769,30,0.001282484
4788,31,0.003625065
4806,30,0.031387108
4811,23,0.000108968
4837,23,0.003704914
4838,28,0.082158085
4839,19,0.008484057
4840,20,0.037131175
4841,23,0.003704914
4842,24,0.008289125
4843,20,0.015416068
4848,31,0.003107198
4864,31,0.007767996
4865,31,0.054375971
4866,31,0.023821854
4869,22,0.111111111
4870,23,0.045439686
4871,24,0.014920424
4872,19,0.019671825
4873,20,0.004696652
4874,72,0.007481297
4877,49,0.0078125
4878,54,0.012360939
4884,57,0.011099899
4885,23,0.008608478
4892,30,0.014984813
4894,20,0.017018455
4895,24,0.017904509
4896,20,0.005525472
4897,24,0.00265252
4898,31,0.000517866
4900,31,0.002589332
4901,22,0.024801587
4904,30,0.004859939
4906,19,0.000839083
4907,23,0.001743489
4920,75,0.00157563
4935,75,0.004726891
4944,75,0.036239496
4946,76,0.009324009
4954,76,0.006993007
4956,75,0.005252101
4959,76,0.011655012
4962,30,0.001754978
4963,19,0.000745851
4964,20,0.003094265
4965,23,0.002506266
4966,24,0.014920424
4969,19,0.000466157
4975,58,0.003994674
4977,58,0.002663116
4979,55,0.001188466
4980,55,0.000813161
4992,19,0.000186463
4993,20,0.000442038
4996,19,0.003542793
4998,23,0.001089681
4999,24,0.002320955
5001,31,0.002589332
5002,19,0.001864628
5003,20,0.005912255
5004,23,0.002942138
5005,24,0.0066313
5007,26,0.139534884
5010,20,0.000110509
5012,40,0.000766754
5014,37,0.001053186
5026,55,0.000375305
5035,19,0.002330785
5036,23,0.003051106
5037,19,0.023494313
5038,20,0.00397834
5039,23,0.024735752
5041,20,0.016907946
5042,24,0.01061008
5043,19,0.007178818
5044,23,0.005993244
5046,55,0.002126728
5051,55,0.001438669
5057,58,0.001331558
5060,55,0.00306499
5063,58,0.014647137
5065,55,0.000813161
5089,67,0.00270514
5091,67,0.00270514
5092,67,0.001803427
5093,67,0.000901713
5095,67,0.00270514
5096,67,0.003606853
5101,67,0.000901713
5115,67,0.000901713
5125,67,0.00270514
5128,67,0.00270514
5145,67,0.001803427
5153,67,0.001803427
5156,67,0.00270514
5160,67,0.000901713
5184,67,0.001803427
5187,67,0.000901713
5189,67,0.00270514
5190,67,0.000901713
5191,67,0.00270514
5196,31,0.000517866
5202,28,0.000491965
5204,19,0.001678165
5210,30,0.000472494
5232,23,0.01525553
5233,19,0.025265709
5240,30,0.004657442
5241,19,0.001771397
5242,20,0.002431208
5246,20,0.005083435
5270,23,0.002724202
5272,30,0.002024975
5294,76,0.013986014
5296,76,0.023310023
5319,55,0.007318446
5323,55,0.004316007
5324,55,0.003440295
5331,55,0.002001626
5336,55,0.00756865
5338,58,0.003994674
5339,58,0.003994674
5341,58,0.019973369
5342,58,0.00665779
5352,55,0.000625508
5353,55,0.001813974
5355,55,0.000250203
5361,30,0.000539993
5362,19,0.001678165
5363,23,0.000326904
5365,76,0.034965035
5367,76,0.027972028
5376,76,0.004662005
5380,75,0.06355042
5382,76,0.016317016
5383,75,0.009978992
5386,74,1
5401,19,0.000279694
5444,55,0.000938262
5459,55,0.005066617
5460,56,0.018726592
5467,56,0.013108614
5469,58,0.026631158
5470,56,0.02247191
5472,60,0.019607843
5485,55,0.003127541
5486,58,0.007989348
5488,58,0.011984021
5489,56,0.026217228
5490,56,0.052434457
5497,58,0.018641811
5500,56,0.033707865
5516,55,0.001626321
5517,58,0.00665779
5539,55,0.000187652
5540,58,0.003994674
5542,56,0.02247191
5543,55,0.00075061
5551,55,0.005879777
5552,55,0.00231438
5572,2,0.045801527
5581,5,0.228070175
5583,5,0.429824561
5601,5,0.140350877
5605,5,0.201754386
5634,2,0.038167939
5637,2,0.045801527
5638,2,0.030534351
5643,2,0.5
5653,3,0.003244646
5654,3,0.003244646
5655,3,0.02238806
5656,3,0.012978585
5657,3,0.076249189
5658,3,0.004542505
5659,3,0.009409474
5660,3,0.044451655
5661,3,0.041531473
5663,3,0.028228423
5664,3,0.012329656
5665,3,0.000648929
5666,3,0.053861129
5668,3,0.003244646
5669,3,0.062621674
5670,3,0.027255029
5671,3,0.072031149
5672,3,0.067164179
5674,3,0.003893576
5675,3,0.342310188
5676,3,0.005515899
5678,3,0.00486697
5684,55,0.001188466
5704,76,0.002331002
5739,20,0.000884076
5747,22,0.006944444
5759,31,0.003107198
5761,31,0.001553599
5768,76,0.009324009
5811,30,0.001214985
5814,19,0.008111132
5815,20,0.001105094
5816,23,0.007191893
5820,35,0.13271755
5821,35,0.244044725
5822,35,0.390860476
5823,35,0.232377248
5824,65,0.081520711
5825,65,0.019103461
5827,65,0.038585209
5828,65,0.025156043
5829,65,0.038206923
5830,65,0.01607717
5831,65,0.000189143
5834,65,0.001134859
5835,65,0.000378286
5836,65,0.000756573
5837,65,0.016833743
5838,65,0.042557216
5839,65,0.020994893
5840,65,0.023453754
5841,65,0.004539436
5842,65,0.003026291
5845,65,0.005674295
5897,19,0.000559388
5899,23,0.000217936
5900,30,0.0079649
5901,19,0.002983405
5902,20,0.000884076
5903,23,0.001634521
5904,24,0.00132626
5905,30,0.003779953
5906,19,0.002796942
5907,20,0.002044425
5908,23,0.001198649
5911,20,0.002431208
5912,24,0.001657825
5913,30,0.003307459
5914,24,0.000994695
5915,24,0.002320955
5942,58,0.003994674
5943,58,0.005326232
5945,55,0.002126728
5946,55,0.001876525
5950,58,0.010652463
5951,58,0.007989348
5953,58,0.003994674
5956,58,0.003994674
5959,58,0.001331558
5962,55,0.003127541
5995,58,0.005326232
5997,58,0.001331558
5999,55,0.001251016
6002,55,0.001751423
6004,55,0.001313567
6005,55,0.000437856
6007,55,0.00231438
6008,55,0.001688872
6023,55,0.007130794
6025,58,0.001331558
6027,55,0.003190092
6028,58,0.005326232
6040,55,0.001376118
6041,58,0.007989348
6045,55,0.001188466
6051,55,0.001939075
6057,55,0.001188466
6062,23,0.009480222
6063,24,0.017904509
6064,20,0.002983755
6065,75,0.00105042
6070,24,0.011604775
6073,22,0.013888889
6081,23,0.026043369
6082,19,0.029367891
6083,22,0.045634921
6085,20,0.01602387
6088,24,0.017572944
6090,23,0.016890051
6092,19,0.007178818
6108,30,0.00161998
6117,30,0.001079987
6126,30,0.00317246
6127,19,0.003169868
6128,20,0.0029285
6129,23,0.002615234
6130,24,0.00198939
6156,30,0.001214985
6163,19,0.00065262
6164,23,0.001307617
6165,20,0.001547132
6171,24,0.00132626
6175,31,0.002071466
6183,24,0.001657825
6184,30,0.000944988
6185,30,0.013702329
6186,58,0.005326232
6189,55,0.000250203
6191,55,0.000562957
6198,58,0.001331558
6202,55,0.001939075
6226,55,0.00150122
6234,55,0.000625508
6236,55,0.000375305
6238,55,0.001688872
6243,55,0.000688059
6247,55,0.001125915
6249,58,0.002663116
6252,55,0.005817226
6254,56,0.037453184
6257,55,0.001563771
6265,58,0.002663116
6270,55,0.000562957
6275,58,0.001331558
6281,58,0.003994674
6285,55,0.000938262
6286,55,0.002877338
6291,58,0.007989348
6297,58,0.00665779
6301,55,0.006505286
6307,55,0.000625508
6308,55,0.003753049
6311,55,0.004503659
6312,55,0.00150122
6316,55,0.000375305
6332,40,0.000460052
6342,55,0.00150122
6345,58,0.00665779
6350,58,0.003994674
6351,55,0.002689685
6353,55,0.000500407
6356,55,0.00075061
6371,58,0.002663116
6376,30,0.006142423
6377,19,0.001491702
6378,23,0.002070393
6386,28,0.000327976
6393,28,0.009019351
6394,20,0.000110509
6395,24,0.00265252
6396,28,0.007707445
6399,19,0.001118777
6400,23,0.000871745
6405,57,0.012108981
6407,23,0.000980713
6408,24,0.000331565
6415,23,0.000108968
6420,20,0.000165764
6421,24,0.000331565
6422,30,0.00080999
6426,24,0.00530504
6429,31,0.012428793
6430,31,0.001035733
6432,28,0.000655953
6435,31,0.00569653
6436,30,0.005332433
6437,31,0.008285862
6447,31,0.001035733
6457,30,0.010259872
6464,57,0.003027245
6472,28,0.003115776
6476,28,0.008527386
6496,28,0.001639882
6497,28,0.051984257
6503,30,0.047654404
6505,28,0.005575599
6506,28,0.022630371
6507,28,0.06264349
6513,20,0.000165764
6615,19,0.001212008
6618,28,0.010167268
6619,20,0.00198917
6620,24,0.00265252
6624,22,0.021825397
6625,22,0.025793651
6627,31,0.001035733
6628,30,0.003037462
6630,20,0.000442038
6632,24,0.00132626
6641,30,0.00080999
6661,21,0.002881844
6674,12,0.355769231
6675,12,0.045673077
6676,12,0.28125
6678,12,0.019230769
6687,30,0.002564968
6689,19,0.000466157
6690,23,0.000653808
6694,23,0.004685627
6695,19,0.007458512
6710,30,0.011879852
6713,22,0.015873016
6714,23,0.001089681
6727,19,0.000932314
6728,23,0.001525553
6738,30,0.004387445
6740,30,0.002227472
6747,24,0.002984085
6763,30,0.006479919
6766,30,0.002632467
6768,24,0.002320955
6798,58,0.013315579
6803,58,0.005326232
6806,58,0.003994674
6807,58,0.009320905
6809,58,0.003994674
6810,58,0.005326232
6811,58,0.013315579
6815,58,0.005326232
6826,58,0.002663116
6834,55,0.002564584
6835,55,6.26E-05
6836,55,0.001688872
6837,58,0.010652463
6847,55,0.002064177
6853,58,0.003994674
6855,58,0.005326232
6857,55,0.000312754
6867,58,0.003994674
6870,58,0.002663116
6875,55,0.000688059
6882,55,0.000125102
6888,55,0.001313567
6926,30,0.015052312
6928,19,0.008297595
6931,57,0.016145308
6938,31,0.003625065
6940,31,0.015018125
6946,31,0.008803729
6947,31,0.001553599
6948,31,0.012428793
6951,31,0.015535992
6952,31,0.003107198
6953,28,0.001311906
6955,31,0.001553599
6956,31,0.001035733
6957,31,0.002071466
6958,31,0.00569653
6959,31,0.019678923
6960,31,0.000517866
6994,20,0.000165764
7003,30,0.007357408
7004,28,0.004427681
7005,19,0.001118777
7006,20,0.001602387
7007,23,0.001089681
7018,30,0.011542356
7019,23,0.003595946
7029,19,0.01062838
7038,31,0.001553599
7039,20,0.003536302
7047,30,0.000134998
7054,28,0.00180387
7057,31,0.003625065
7058,31,0.004660798
7059,23,0.003922851
7067,23,0.007191893
7070,30,0.001417482
7071,19,0.011094537
7072,23,0.001089681
7075,20,0.00408885
7085,28,0.002951787
7087,30,0.006074924
7088,31,0.002071466
7093,31,0.002589332
7109,31,0.000517866
7133,19,0.000372926
7134,20,0.000386783
7135,23,0.000980713
7136,24,0.000331565
7146,20,0.000442038
7147,24,0.000994695
7159,55,0.000813161
7172,20,0.024809371
7173,24,0.034814324
7187,55,0.001251016
7202,30,0.012892339
7203,30,0.000472494
7211,30,0.001214985
7213,19,0.002237554
7215,19,0.006899124
7220,22,0.079365079
7223,20,0.04409327
7224,20,0.027848381
7230,3,0.00843608
7231,3,0.005191434
7232,3,0.00421804
7233,3,0.072680078
7235,3,0.007462687
7252,55,0.001688872
7255,55,0.001000813
7256,55,0.000500407
7267,57,0.031281534
7270,55,0.000500407
7286,55,0.001063364
7308,55,0.001438669
7315,55,0.000875712
7324,55,0.001125915
7327,55,0.001125915
7328,55,0.001376118
7331,55,0.001376118
7337,55,0.000813161
7338,55,0.002189279
7342,55,0.000437856
7350,55,0.002877338
7384,55,0.001188466
7390,55,0.001626321
7393,55,0.001939075
7397,55,0.000437856
7398,55,0.00225183
7409,55,0.001063364
7440,57,0.005045409
7452,55,0.001376118
7458,55,0.001563771
7459,55,0.001438669
7460,55,0.001939075
7462,55,0.000250203
7493,55,0.001000813
7499,55,0.004691312
7507,55,0.002064177
7508,55,0.001063364
7524,55,0.000625508
7526,55,0.004190905
7531,37,0.003370195
7534,55,0.00231438
7541,31,0.003107198
7543,30,0.000202497
7580,64,0.000371471
7590,64,0.000371471
7598,64,0.000371471
7613,64,0.000371471
7653,55,0.001313567
7655,55,0.001251016
7657,55,0.005129167
7667,76,0.03962704
7668,75,0.014180672
7671,58,0.00665779
7673,55,0.001313567
7712,40,0.002044676
7713,55,0.001563771
7717,31,0.001035733
7723,19,0.00531419
7724,20,0.002983755
7736,30,0.005804927
7741,30,0.001552481
7746,31,0.003107198
7748,31,0.001553599
7780,30,0.008234897
7781,31,0.002071466
7789,23,0.012531328
7790,30,0.01039487
7791,19,0.028062652
7792,20,0.006685822
7793,23,0.01525553
7794,29,0.006097561
7798,29,0.012195122
7805,28,0.004099705
7807,20,0.000331528
7809,24,0.006299735
7812,75,0.0625
7817,76,0.016317016
7834,28,0.017710725
7836,19,0.008950214
7838,23,0.001416585
7839,24,0.006299735
7840,28,0.023286323
7841,31,0.000517866
7842,20,0.003867831
7843,24,0.00066313
7846,23,0.002942138
7853,28,0.008035421
7856,28,0.032305674
7863,28,0.013283044
7872,30,0.032872089
7876,43,0.036057692
7877,7,0.076203209
7878,7,0.044117647
7879,6,0.044776119
7884,6,0.001356852
7893,6,0.317503392
7894,6,0.321573948
7895,6,0.173677069
7910,31,0.000517866
7917,30,0.001012487
7924,7,0.009358289
7925,7,0.001336898
7927,7,0.020053476
7928,7,0.013368984
7929,7,0.030748663
7930,7,0.016042781
7931,7,0.018716578
7932,7,0.016042781
7933,7,0.171122995
7934,7,0.017379679
7935,7,0.053475936
7936,7,0.017379679
7937,7,0.03342246
7948,15,0.044117647
7956,6,0.050203528
7966,34,0.159904535
7967,34,0.227923628
7972,33,0.017316017
7982,16,0.105882353
7984,7,0.018716578
7995,58,0.00665779
7998,58,0.002663116
8008,55,0.00225183
8012,55,0.002689685
8029,58,0.001331558
8035,55,0.001813974
8039,31,0.002589332
8043,23,0.002615234
8044,24,0.00265252
8061,20,0.000165764
8063,55,0.001438669
8065,55,0.002752236
8071,41,0.008230453
8072,41,0.001028807
8077,40,0.001073455
8078,37,0.001685097
8085,40,0.000511169
8093,38,0.027311744
8094,37,0.000315956
8095,37,0.002843602
8110,58,0.002663116
8112,58,0.001331558
8113,55,0.000938262
8116,58,0.001331558
8138,40,5.11E-05
8148,40,0.001277923
8157,38,0.003901678
8166,55,0.003190092
8169,55,0.000500407
8172,55,0.000562957
8178,55,0.00075061
8180,55,0.000500407
8192,38,0.000780336
8193,38,0.001950839
8208,40,0.000255585
8218,55,0.003315194
8219,55,0.004816413
8226,55,0.000625508
8237,40,0.002351378
8238,40,0.000204468
8244,55,0.001125915
8249,38,0.005462349
8251,58,0.001331558
8256,38,0.001950839
8296,40,0.00066452
8322,55,0.000688059
8327,40,0.00132904
8330,37,0.001053186
8335,55,0.001376118
8336,55,0.000375305
8352,58,0.001331558
8357,55,0.001000813
8363,55,0.001438669
8364,58,0.001331558
8365,58,0.00665779
8366,55,0.001813974
8373,58,0.001331558
8391,40,0.001022338
8397,40,0.003373716
8398,37,0.003580832
8400,40,0.000357818
8410,58,0.002663116
8416,37,0.005265929
8421,40,0.00081787
8428,40,5.11E-05
8429,41,0.009259259
8436,49,0.002403846
8443,57,0.00605449
8448,6,0.062415197
8452,7,0.187165775
8453,7,0.012032086
8454,7,0.021390374
8455,7,0.104278075
8456,7,0.009358289
8457,7,0.086898396
8459,43,0.004807692
8460,43,0.004807692
8461,43,0.009615385
8468,43,0.019230769
8469,43,0.03125
8470,43,0.019230769
8471,43,0.028846154
8472,43,0.012019231
8474,43,0.012019231
8482,43,0.024038462
8484,43,0.012019231
8491,43,0.043269231
8502,65,0.001134859
8504,65,0.00056743
8508,43,0.021634615
8509,43,0.009615385
8510,43,0.014423077
8513,43,0.007211538
8516,78,0.019230769
8524,76,0.002331002
8528,75,0.018907563
8534,19,0.006712661
8543,42,0.073934161
8544,42,0.05990286
8546,42,0.066378845
8547,42,0.093362115
8548,42,0.117647059
8550,42,0.117647059
8555,49,0.0078125
8569,40,0.002300261
8570,37,0.003896788
8571,55,0.001376118
8573,40,0.00148239
8607,40,0.002300261
8615,40,0.000868987
8624,40,0.002249144
8653,40,0.003067014
8656,40,0.004191586
8658,40,0.003731534
8672,40,0.003527066
8684,55,0.001813974
8685,55,0.002877338
8686,55,0.002939889
8687,55,0.000375305
8690,55,0.001438669
8692,40,0.010376732
8693,37,0.010321222
8694,55,0.000312754
8696,40,0.000153351
8699,40,0.001584624
8702,40,0.00281143
8704,37,0.000315956
8711,37,0.001263823
8731,40,0.000408935
8732,40,0.001789092
8733,40,0.001942442
8734,40,0.001533507
8735,40,0.016050708
8736,38,0.0823254
8737,38,0.108856808
8738,37,0.043601896
8743,40,0.001584624
8744,37,0.000526593
8757,40,0.000920104
8766,40,0.001431273
8778,40,0.001533507
8779,40,0.000920104
8793,40,0.000102234
8797,40,5.11E-05
8798,40,5.11E-05
8799,40,5.11E-05
8801,40,0.00081787
8802,37,0.000315956
8803,40,0.000204468
8808,40,0.000204468
8816,64,0.015973254
8819,64,0.011887073
8839,65,0.052014375
8845,37,0.004634018
8852,55,0.001813974
8855,57,0.002018163
8856,57,0.005045409
8858,55,6.26E-05
8859,55,0.001063364
8862,58,0.014647137
8863,55,0.003252643
8864,55,6.26E-05
8866,55,0.000187652
8867,58,0.002663116
8868,55,0.000500407
8871,55,0.003565397
8874,55,0.000813161
8888,55,0.001751423
8898,40,0.003015897
8902,37,0.002738283
8918,40,0.000971221
8919,37,0.001579779
8930,37,0.001685097
8958,37,0.003264876
8961,40,0.001022338
8967,40,0.001277923
8986,37,0.001158504
9001,41,0.034979424
9010,55,0.00075061
9012,55,0.000500407
9015,55,0.001813974
9019,40,0.000102234
9032,55,0.002189279
9035,40,0.00132904
9039,55,0.000875712
9047,40,0.000920104
9054,37,0.002106372
9056,38,0.004682013
9065,40,0.000511169
9066,40,0.000204468
9067,40,0.000357818
9070,40,0.000153351
9071,40,0.000460052
9089,55,0.00150122
9103,54,0.013597033
9107,54,0.007416564
9139,54,0.014833127
9142,54,0.001236094
9151,40,0.000357818
9162,40,5.11E-05
9165,37,0.007372301
9167,41,0.007201646
9171,43,0.007211538
9172,43,0.004807692
9175,43,0.004807692
9187,43,0.009615385
9199,61,0.001114827
9202,61,0.002229654
9203,61,0.001672241
9205,61,0.001114827
9206,61,0.010590858
9207,61,0.004459309
9208,61,0.00613155
9210,61,0.003344482
9211,61,0.008361204
9212,61,0.005016722
9275,62,0.056122449
9277,69,0.025172754
9307,61,0.009476031
9308,61,0.011148272
9313,43,0.014423077
9321,70,0.004049754
9322,70,0.002024877
9323,70,0.004917559
9329,70,0.000578536
9330,70,0.001157073
9333,70,0.003760486
9334,70,0.002024877
9335,70,0.000289268
9337,70,0.002603413
9338,70,0.001157073
9349,70,0.000867804
9354,70,0.000867804
9355,70,0.150708707
9356,70,0.131038473
9358,70,0.00781024
9359,70,0.004339022
9361,70,0.008099508
9365,70,0.001446341
9366,70,0.001157073
9377,70,0.000867804
9388,70,0.004339022
9389,70,0.001157073
9390,70,0.01099219
9391,70,0.003471218
9394,70,0.010413653
9395,70,0.006074631
9397,70,0.009545849
9398,70,0.01880243
9399,70,0.009256581
9400,70,0.002892682
9401,70,0.009545849
9402,70,0.011570726
9403,70,0.006363899
9404,70,0.012149262
9405,70,0.018513162
9406,70,0.006653167
9407,70,0.020248771
9408,70,0.007231704
9409,70,0.029216083
9410,70,0.013595603
9411,70,0.013017067
9412,70,0.004917559
9413,70,0.005496095
9414,70,0.006074631
9419,70,0.000578536
9420,70,0.000289268
9422,70,0.020248771
9423,70,0.00318195
9424,70,0.004339022
9425,70,0.000867804
9451,43,0.024038462
9457,57,0.007063572
9459,54,0.045735476
9463,49,0.019230769
9464,54,0.004944376
9465,49,0.000600962
9466,49,0.001802885
9468,49,0.004807692
9469,72,0.030479357
9478,40,0.000613403
9481,40,0.000613403
9494,40,0.000408935
9495,40,0.00081787
9496,40,0.000408935
9497,40,0.000715637
9498,40,0.000562286
9499,40,0.000460052
9500,40,0.000408935
9507,40,0.00214691
9509,37,0.000315956
9513,37,0.002106372
9524,31,0.004142931
9526,31,0.003625065
9532,30,0.005534931
9533,31,0.006732263
9534,31,0.004660798
9539,55,0.000250203
9541,55,0.002877338
9550,55,0.00075061
9554,55,0.001813974
9565,40,0.000766754
9580,40,5.11E-05
9583,40,5.11E-05
9665,37,0.000105319
9783,41,0.005144033
9784,37,0.007688257
9786,40,0.001737975
9795,40,0.003015897
9797,40,0.000460052
9805,40,0.001737975
9819,55,0.001125915
9821,58,0.001331558
9830,40,0.000255585
9832,40,0.000204468
9835,55,0.00075061
9840,40,5.11E-05
9845,40,0.000562286
9855,40,5.11E-05
9862,40,0.001584624
9863,38,0.010144362
9870,40,0.001533507
9873,40,0.000255585
9882,40,0.000357818
9894,55,0.001125915
9909,37,0.000526593
9912,37,0.000526593
9914,37,0.000526593
9923,40,0.004038235
9927,40,0.008996575
9928,37,0.012743549
9930,40,0.002198027
9949,40,0.000306701
9951,40,0.000920104
9957,37,0.000421274
9964,40,0.00081787
9974,37,0.000947867
9976,37,0.002001053
9980,41,0.011316872
9985,38,0.038626609
9986,37,0.004949974
9989,40,0.000102234
10003,40,0.000511169
10005,37,0.000105319
10007,41,0.002057613
10027,58,0.002663116
10029,58,0.002663116
10032,58,0.003994674
10039,37,0.00147446
10042,40,0.002351378
10043,38,0.010924698
10044,37,0.002843602
10058,38,0.000390168
10064,37,0.002738283
10072,40,0.000255585
10083,40,0.001533507
10093,40,0.001840209
10094,37,0.002632965
10099,38,0.004291845
10131,55,0.002064177
10132,55,0.002189279
10143,55,0.000375305
10144,58,0.00665779
10146,60,0.098039216
10148,55,0.001313567
10149,60,0.156862745
10158,55,0.001188466
10159,55,0.001125915
10160,55,0.001313567
10161,55,0.000125102
10164,55,0.001063364
10168,55,0.000250203
10177,40,0.007616419
10180,43,0.012019231
10186,57,0.010090817
10194,31,0.006732263
10200,28,0.039193178
10201,28,0.218760249
10202,20,0.049673997
10204,31,0.008285862
10206,31,0.008285862
10207,30,0.026932163
10208,31,0.008285862
10209,28,0.047720564
10210,20,0.027793126
10211,24,0.018899204
10215,31,0.017089591
10216,28,0.033781568
10224,43,0.004807692
10225,43,0.019230769
10237,57,0.007063572
10266,43,0.004807692
10267,43,0.019230769
10273,57,0.010090817
10277,57,0.010090817
10278,31,0.001553599
10283,57,0.010090817
10285,57,0.007063572
10292,40,0.00710525
10297,37,0.000526593
10298,40,0.00925216
10300,37,0.004212744
10304,38,0.012095201
10305,40,0.000204468
10306,40,0.000102234
10315,40,0.001073455
10325,40,0.002044676
10327,37,0.005055292
10329,38,0.000390168
10330,37,0.005371248
10331,40,0.002300261
10333,37,0.00600316
10334,40,0.001891325
10336,37,0.00600316
10337,40,0.001737975
10339,37,0.006213797
10340,40,0.001737975
10342,37,0.006951027
10343,40,0.001993559
10346,37,0.006213797
10347,40,0.001840209
10348,40,0.002504728
10349,37,0.007372301
10351,41,0.002057613
10352,41,0.027777778
10378,40,0.00132904
10379,40,0.002249144
10380,38,0.01053453
10381,38,0.01755755
10382,37,0.005792522
10385,37,0.002632965
10389,55,0.001000813
10390,55,0.000625508
10391,55,0.001939075
10402,37,0.001158504
10405,38,0.001170503
10423,38,0.000390168
10424,37,0.002001053
10425,41,0.001028807
10429,40,0.002249144
10436,38,0.000390168
10438,37,0.005265929
10439,40,0.001022338
10447,40,0.003271482
10448,38,0.005462349
10449,37,0.004634018
10452,40,0.001533507
10453,40,0.002044676
10455,37,0.001263823
10472,37,0.003791469
10476,40,0.005929561
10477,38,0.009364027
10478,37,0.003896788
10480,37,0.007582938
10487,40,0.000613403
10488,40,0.000562286
10495,40,0.00066452
10504,58,0.002663116
10508,37,0.000631912
10513,38,0.005462349
10514,37,0.001579779
10515,40,0.003424833
10516,58,0.002663116
10517,58,0.001331558
10518,55,0.002689685
10523,40,0.000613403
10529,40,0.002095793
10530,37,0.000105319
10541,37,0.00147446
10546,37,0.000105319
10551,40,0.007463068
10552,37,0.002632965
10553,40,0.002249144
10554,40,0.001124572
10578,57,0.00605449
10580,31,0.012428793
10581,31,0.008803729
10582,31,0.011393061
10583,31,0.009321595
10584,31,0.005178664
10585,31,0.002589332
10586,31,0.006214397
10588,31,0.006732263
10600,43,0.043269231
10609,43,0.004807692
10614,67,0.007213706
10620,67,0.003606853
10625,67,0.00541028
10631,67,0.00270514
10633,67,0.003606853
10642,67,0.00270514
10649,67,0.001803427
10651,67,0.00541028
10653,67,0.004508566
10659,67,0.205590622
10660,67,0.045085663
10661,67,0.026149684
10667,67,0.000901713
10669,67,0.00270514
10672,67,0.003606853
10674,67,0.003606853
10676,67,0.00541028
10677,67,0.004508566
10678,67,0.040577096
10686,67,0.00270514
10687,67,0.007213706
10691,67,0.006311993
10697,49,0.0078125
10707,23,0.000326904
10718,40,0.000306701
10726,40,0.001584624
10727,40,0.000868987
10748,40,0.000408935
10750,40,0.000613403
10751,40,0.00132904
10757,38,0.002341007
10767,37,0.000210637
10772,55,0.000500407
10776,55,0.000625508
10777,55,0.000562957
10778,55,0.001000813
10780,55,0.000375305
10782,55,0.000312754
10784,55,0.001063364
10785,55,0.000688059
10786,55,0.002064177
10812,40,0.000868987
10820,40,0.000204468
10823,40,0.000408935
10827,37,0.001685097
10839,40,5.11E-05
10861,40,0.001022338
10862,37,0.003264876
10887,55,0.001876525
10888,43,0.021634615
10889,55,0.001000813
10891,55,0.001000813
10892,55,0.00075061
10893,58,0.001331558
10894,55,0.000625508
10904,55,0.001876525
10907,55,0.000500407
10908,55,0.001188466
10911,55,0.001251016
10914,55,0.002126728
10915,55,0.00150122
10918,55,0.00225183
10927,55,0.001251016
10928,55,0.001751423
10930,55,0.001626321
10931,58,0.001331558
10934,55,0.001063364
10935,55,6.26E-05
10937,55,0.001063364
10939,55,0.00075061
10940,58,0.002663116
10942,55,0.00150122
10943,55,0.00150122
10944,55,0.00150122
10945,57,0.007063572
10947,57,0.007063572
10954,37,0.001369142
10958,40,0.000511169
10979,37,0.001263823
10983,40,0.001175689
10987,37,0.003475513
10989,40,0.001175689
10990,40,0.001840209
10997,40,0.00081787
11010,55,0.000437856
11011,55,0.001688872
11012,55,0.000187652
11022,40,0.000153351
11046,37,0.000842549
11055,37,0.009899947
11056,40,0.006849665
11057,40,0.009712212
11058,37,0.015060558
11060,55,0.001000813
11063,55,0.001000813
11069,40,0.001993559
11072,38,0.009364027
11081,40,0.002095793
11099,40,0.00132904
11106,55,0.000688059
11113,40,0.003833768
11132,40,0.000715637
11133,40,0.000460052
11141,40,0.001840209
11147,41,0.027777778
11159,40,0.016306292
11160,37,0.00674039
11161,38,0.01755755
11170,37,0.000421274
11179,37,0.000105319
11181,40,0.000204468
11184,55,0.000625508
11186,37,0.003896788
11187,40,0.001124572
11188,40,0.001686858
11193,40,5.11E-05
11207,40,0.000766754
11232,37,0.000210637
11238,40,5.11E-05
11242,40,0.000306701
11243,37,0.001158504
11252,40,0.001635741
11261,55,0.000375305
11265,58,0.001331558
11266,40,0.000613403
11268,40,0.000255585
11271,31,0.002589332
11272,31,0.006214397
11273,31,0.003625065
11274,31,0.000517866
11279,31,0.000517866
11285,31,0.002589332
11286,31,0.009839461
11292,30,0.000472494
11296,31,0.000517866
11304,30,6.75E-05
11306,6,0.028493894
11309,61,0.000557414
11323,57,0.00605449
11324,57,0.004036327
11345,31,0.002071466
11354,20,0.069565698
11355,43,0.004807692
11363,75,0.00210084
11365,9,0.017985612
11369,9,0.035694521
11370,9,0.129496403
11371,9,0.022136137
11372,9,0.041781959
11373,9,0.712230216
11375,43,0.007211538
11377,43,0.012019231
11379,43,0.007211538
11382,43,0.012019231
11391,19,0.001864628
11400,38,0.00351151
11404,40,0.002606962
11409,40,0.001124572
11425,43,0.009615385
11430,40,0.000460052
11431,40,0.000408935
11435,55,0.000938262
11436,55,0.000938262
11454,40,0.000306701
11479,40,0.000766754
11486,40,5.11E-05
11488,38,0.002341007
11489,40,0.000408935
11496,40,0.000920104
11498,37,0.007793576
11520,69,0.001974334
11521,70,0.000578536
11523,70,0.000289268
11526,70,0.009545849
11527,70,0.001446341
11530,70,0.001446341
11534,70,0.005206827
11535,70,0.00318195
11542,70,0.001157073
11567,40,0.000102234
11571,37,0.00600316
11572,40,5.11E-05
11575,37,0.005265929
11576,40,0.001891325
11579,37,0.003475513
11593,37,0.00747762
11603,40,0.000613403
11607,37,0.001053186
11631,37,0.000631912
11655,41,0.115226337
11660,37,0.000105319
11674,40,0.000920104
11678,55,0.000813161
11682,41,0.008230453
11685,41,0.005144033
11688,40,0.000102234
11690,40,0.000562286
11694,37,0.003475513
11703,40,0.007463068
11704,37,0.01569247
11710,58,0.002663116
11711,55,0.002502033
11723,40,0.000357818
11758,40,0.000306701
11760,40,0.001073455
11763,40,0.001431273
11766,40,0.000357818
11768,40,0.000868987
11769,40,0.00132904
11770,40,0.000971221
11771,40,0.001073455
11772,40,0.001073455
11773,40,0.001226806
11774,40,0.000562286
11775,40,0.000562286
11779,40,0.000204468
11784,40,0.013443746
11785,37,0.012954186
11811,19,0.009696066
11827,31,0.001035733
11829,19,0.00335633
11830,57,0.007063572
11874,54,0.00618047
11875,49,0.009014423
11879,57,0.010090817
11880,57,0.011099899
11892,40,0.000920104
11913,40,0.003782651
11915,40,0.000408935
11920,41,0.005144033
11921,40,0.006491847
11922,40,0.004651638
11924,41,0.002057613
11925,40,0.004549404
11926,37,0.002738283
11927,40,0.005980678
11930,40,0.002862547
11931,37,0.005476567
11936,41,0.009259259
11938,40,0.002606962
11948,40,5.11E-05
11953,40,0.003373716
11961,38,0.004291845
11968,40,0.000511169
11970,40,0.000102234
11973,40,0.000408935
11975,40,0.002198027
11983,40,0.000255585
11984,38,0.001950839
11985,37,0.001158504
11997,37,0.007793576
12020,40,0.01007003
12021,37,0.020747762
12023,40,0.00281143
12028,37,0.001369142
12031,40,0.000306701
12040,40,0.010172264
12054,40,0.000204468
12064,40,0.001175689
12066,40,0.00148239
12080,40,0.002555845
12081,40,0.004038235
12082,38,0.008193523
12083,37,0.002632965
12088,40,0.001124572
12090,40,0.002606962
12091,37,0.003896788
12097,40,5.11E-05
12115,31,0.000517866
12116,24,0.007625995
12124,16,0.1
12125,16,0.170588235
12132,62,0.010204082
12134,30,0.012487344
12135,30,0.000539993
12189,31,0.009321595
12191,31,0.003107198
12192,31,0.002071466
12193,28,0.004591669
12194,30,0.004859939
12200,43,0.019230769
12204,49,0.0078125
12206,62,0.045918367
12208,62,0.056122449
12212,62,0.030612245
12216,73,0.005347594
12220,73,0.012032086
12223,78,0.019230769
12228,31,0.001035733
12231,49,0.011418269
12232,49,0.008413462
12233,43,0.021634615
12235,78,0.019230769
12286,62,0.081632653
12317,40,0.000715637
12332,40,5.11E-05
12333,40,0.000460052
12337,37,0.00221169
12346,40,0.000102234
12360,38,0.013655872
12361,40,0.0036293
12362,40,0.003373716
12363,38,0.006242684
12378,40,5.11E-05
12380,55,0.000375305
12382,55,0.000375305
12405,38,0.013265704
12408,55,0.000625508
12421,55,0.00231438
12451,40,0.00066452
12459,37,0.002632965
12460,58,0.002663116
12463,55,0.002502033
12465,55,0.002689685
12466,58,0.005326232
12467,60,0.411764706
12472,55,0.009257522
12473,55,0.003315194
12474,58,0.002663116
12475,55,0.001313567
12477,55,0.002376931
12478,58,0.007989348
12482,55,0.000562957
12485,55,0.001188466
12486,58,0.002663116
12491,55,0.000688059
12498,55,0.000938262
12500,55,0.001313567
12501,55,0.000813161
12503,55,0.000875712
12504,55,0.00075061
12506,55,0.000875712
12507,55,0.001438669
12512,55,0.001063364
12513,55,0.000312754
12514,55,0.000625508
12515,55,0.000875712
12516,55,0.00075061
12523,55,0.001000813
12524,55,0.001000813
12526,55,0.00075061
12527,55,0.001251016
12528,55,0.001688872
12529,55,0.001000813
12536,55,0.001251016
12539,55,0.000562957
12541,55,0.001813974
12542,55,0.001251016
12543,55,0.001688872
12544,55,0.000625508
12548,55,0.000688059
12549,55,0.000813161
12550,55,0.002502033
12551,55,0.001939075
12552,55,0.002752236
12558,55,0.001438669
12563,55,0.001251016
12589,40,0.000971221
12610,55,0.000875712
12612,55,0.006129981
12619,40,0.000613403
12646,40,0.000613403
12663,37,0.002422328
12664,37,0.000947867
12671,40,0.000613403
12672,41,0.010288066
12675,40,0.008485406
12677,40,0.001124572
12686,40,0.00148239
12688,40,0.00081787
12693,41,0.017489712
12696,37,0.004212744
12697,38,0.010924698
12698,40,0.001022338
12699,40,0.001380156
12700,40,0.000562286
12701,40,0.000971221
12705,40,0.000971221
12706,40,0.000408935
12707,38,0.010924698
12708,37,0.001579779
12709,40,0.001584624
12710,41,0.023662551
12723,40,0.001993559
12730,75,0.012605042
12732,75,0.00262605
12733,76,0.004662005
12743,40,0.000562286
12751,40,0.002198027
12752,37,0.003159558
12764,37,0.001158504
12771,38,0.003901678
12778,55,0.00075061
12781,40,0.000153351
12793,37,0.000210637
12795,55,0.001939075
12796,55,0.001813974
12797,55,0.002752236
12803,38,0.00702302
12805,40,0.001533507
12808,37,0.000421274
12815,38,0.000390168
12817,40,0.000715637
12826,40,5.11E-05
12828,40,0.001891325
12830,38,0.009364027
12837,37,0.000105319
12838,40,0.000306701
12839,40,0.000408935
12840,40,0.000460052
12851,55,0.000375305
12860,40,0.001175689
12863,40,0.000153351
12871,37,0.003370195
12881,40,0.00577621
12882,37,0.004107425
12889,55,0.001813974
12891,55,0.000250203
12912,41,0.113168724
12917,41,0.053497942
12927,40,0.00214691
12935,37,0.004949974
12957,55,0.001063364
12958,55,0.000562957
12964,55,0.00075061
12967,55,0.001376118
12970,55,0.002502033
12974,55,0.002627135
12979,55,0.000938262
12981,55,0.000813161
12990,55,0.001188466
13009,37,0.001053186
13011,40,0.002555845
13023,55,0.001251016
13026,58,0.002663116
13027,55,0.000250203
13040,38,0.008583691
13041,37,0.001369142
13058,40,0.000562286
13075,19,0.001025545
13076,23,0.004358723
13079,49,0.002403846
13080,54,0.00618047
13084,43,0.021634615
13086,62,0.020408163
13094,36,1
13097,34,0.217183771
13098,34,0.174224344
13099,34,0.220763723
13100,73,0.026737968
13104,65,0.010024589
13105,65,0.016266314
13110,62,0.025510204
13113,62,0.025510204
13117,57,0.011099899
13118,57,0.021190716
13122,61,0.044035674
13123,61,0.008361204
13124,62,0.035714286
13128,62,0.020408163
13129,62,0.025510204
13132,57,0.007063572
13133,57,0.002018163
13134,57,0.005045409
13139,28,0.001475894
13142,28,0.001311906
13151,30,0.001754978
13159,30,0.014242322
13166,57,0.011099899
13168,43,0.016826923
13174,43,0.016826923
13193,31,0.000517866
13194,43,0.002403846
13205,64,0.009658247
13206,69,0.004442251
13208,47,0.00413993
13210,47,0.036017388
13211,47,0.009521838
13212,47,0.012419789
13213,47,0.014075761
13214,47,0.013454771
13216,47,0.016559718
13217,47,0.018629683
13218,47,0.017180708
13219,47,0.001448975
13220,47,0.004346926
13221,47,0.002069965
13222,47,0.002069965
13223,47,0.001034982
13224,47,0.00351894
13225,47,0.006416891
13226,47,0.003311944
13227,47,0.000827986
13228,47,0.002897951
13229,47,0.001862968
13230,47,0.001034982
13233,47,0.012212792
13234,47,0.00351894
13235,47,0.008072863
13236,47,0.008486856
13237,47,0.013040778
13238,47,0.00765887
13239,47,0.009935831
13240,47,0.019250673
13241,47,0.040364314
13243,47,0.001241979
13244,47,0.001655972
13245,47,0.000413993
13246,47,0.090871455
13247,47,0.049058166
13248,47,0.003311944
13252,47,0.00413993
13253,47,0.002276961
13254,47,0.001241979
13255,47,0.001862968
13256,47,0.001448975
13258,47,0.001034982
13259,47,0.001034982
13260,47,0.004346926
13261,47,0.001862968
13262,47,0.001034982
13265,47,0.008072863
13266,47,0.00765887
13267,47,0.005795901
13268,47,0.001862968
13269,47,0.001241979
13270,47,0.001862968
13272,47,0.00703788
13274,47,0.00703788
13276,47,0.000827986
13277,47,0.006623887
13278,47,0.016145726
13279,47,0.006830884
13280,47,0.000206996
13281,47,0.019457669
13282,47,0.001862968
13283,47,0.001448975
13285,47,0.016352722
13286,47,0.01821569
13287,47,0.013247775
13288,47,0.003104947
13289,47,0.000413993
13290,47,0.006209894
13291,47,0.006416891
13292,47,0.013040778
13293,47,0.000413993
13294,47,0.032498448
13296,47,0.000206996
13297,47,0.000620989
13298,47,0.001655972
13299,47,0.006416891
13300,47,0.017801697
13301,47,0.012833782
13302,47,0.014489754
13304,47,0.002483958
13306,47,0.002276961
13307,47,0.001241979
13308,47,0.025667564
13311,47,0.003725937
13312,47,0.003932933
13314,47,0.001655972
13315,47,0.001448975
13316,47,0.001241979
13317,47,0.00703788
13318,47,0.001034982
13319,47,0.000206996
13320,47,0.000206996
13321,47,0.000413993
13322,47,0.000413993
13323,47,0.005174912
13324,47,0.002690954
13325,47,0.001241979
13326,47,0.000620989
13327,47,0.000827986
13328,47,0.00703788
13329,47,0.005795901
13330,47,0.00413993
13331,47,0.020285655
13332,47,0.019664666
13333,47,0.000206996
13334,47,0.012005796
13335,47,0.001448975
13336,47,0.002276961
13337,47,0.001862968
13339,47,0.020699648
13340,47,0.01883668
13341,54,0.071693449
13342,54,0.098887515
13343,54,0.032138443
13359,54,0.050679852
13363,49,0.048677885
13367,49,0.025240385
13369,49,0.000600962
13370,49,0.03125
13375,49,0.006610577
13379,49,0.001201923
13381,49,0.012620192
13383,49,0.006009615
13385,49,0.012019231
13387,49,0.046274038
13388,49,0.001201923
13390,49,0.001802885
13398,15,0.066176471
13399,15,0.448529412
13400,15,0.441176471
13401,16,0.105882353
13403,16,0.076470588
13405,16,0.041176471
13407,16,0.370588235
13409,19,0.006712661
13411,2,0.309160305
13412,31,0.006732263
13415,22,0.03968254
13416,19,0.002144322
13448,12,0.021634615
13449,12,0.081730769
13452,23,0.006102212
13457,19,0.010255454
13458,23,0.007082925
13460,21,0.207492795
13463,19,0.006526198
13464,23,0.013838945
13494,11,1
13499,12,0.1875
13503,12,0.007211538
13505,33,0.982683983
13511,19,0.002144322
13512,19,0.001212008
13515,2,0.019083969
13518,19,0.001118777
13520,23,0.000108968
13529,7,0.021390374
13531,16,0.029411765
13535,2,0.011450382
13541,67,0.003606853
13542,67,0.011722272
13543,67,0.00270514
13544,67,0.027051398
13548,69,0.000987167
13549,69,0.00148075
13552,72,0.00110834
13556,61,0.00780379
13561,61,0.001672241
13570,31,0.004142931
13573,43,0.012019231
13578,61,0.001672241
13579,61,0.001672241
13580,61,0.000557414
13586,61,0.00613155
13587,61,0.005016722
13588,61,0.00613155
13589,61,0.001114827
13591,61,0.008918618
13593,61,0.004459309
13594,61,0.003344482
13605,57,0.003027245
13606,57,0.003027245
13609,57,0.008072654
13616,69,0.015794669
13628,69,0.001974334
13630,69,0.009871668
13631,69,0.003455084
13632,69,0.000987167
13633,69,0.00148075
13634,69,0.0029615
13635,69,0.002467917
13636,69,0.003455084
13637,69,0.0029615
13641,69,0.003455084
13645,69,0.001974334
13646,69,0.000493583
13650,69,0.001974334
13651,69,0.000987167
13653,69,0.001974334
13654,69,0.003455084
13656,69,0.003455084
13657,69,0.000987167
13659,69,0.000493583
13661,69,0.029121422
13665,69,0.002467917
13667,69,0.00148075
13674,69,0.004935834
13675,69,0.030602172
13678,69,0.004935834
13685,69,0.010365252
13686,69,0.003455084
13688,69,0.005429418
13691,69,0.002467917
13693,69,0.005429418
13695,69,0.005923001
13696,69,0.011352419
13697,69,0.036525173
13698,69,0.011352419
13699,69,0.025666338
13700,69,0.011352419
13701,69,0.012339585
13702,69,0.008390918
13703,69,0.032082922
13704,69,0.006416584
13705,69,0.005429418
13706,69,0.014807502
13708,69,0.009871668
13710,69,0.005429418
13712,69,0.003948667
13716,69,0.051826259
13717,69,0.082922014
13718,69,0.039980257
13719,69,0.024679171
13720,69,0.026653504
13721,69,0.027640671
13722,69,0.039980257
13723,69,0.027147088
13732,31,0.001035733
13741,19,0.007924669
13742,70,0.005785363
13743,70,0.006942436
13753,9,0.022966242
13754,9,0.01770891
13790,40,0.000153351
13802,40,0.002300261
13812,40,5.11E-05
13818,37,0.003370195
13822,40,0.007309717
13824,40,0.005469509
13826,37,0.004949974
13827,40,0.003680417
13834,40,0.001533507
13855,37,0.000105319
13860,37,0.003475513
13867,55,0.002439482
13869,55,0.002064177
13880,55,0.012635266
13881,55,0.007756302
13888,55,0.002627135
13889,55,0.003440295
13893,55,0.001125915
13894,55,0.001313567
13896,55,0.000312754
13900,58,0.003994674
13901,55,0.000813161
13903,55,0.00150122
13904,58,0.003994674
13923,40,0.002658079
13934,55,0.002189279
13946,40,0.000715637
13948,40,0.000715637
13958,37,0.011058452
13968,55,0.001751423
13974,37,0.000105319
13976,40,0.002198027
14019,40,0.004038235
14020,37,0.008004213
14033,40,0.000306701
14057,40,0.002300261
14064,40,0.001789092
14075,40,0.001686858
14088,37,0.000105319
14101,55,0.001626321
14102,55,0.001376118
14103,55,0.001626321
14108,60,0.078431373
14124,41,0.019547325
14125,37,0.002001053
14126,40,0.002198027
14127,38,0.005462349
14128,37,0.000210637
14130,37,0.000631912
14136,37,0.000210637
14137,37,0.000210637
14140,37,0.000105319
14151,61,0.000557414
14152,61,0.007246377
14153,61,0.00780379
14163,57,0.007063572
14164,57,0.005045409
14176,62,0.025510204
14193,43,0.012019231
14197,31,0.002589332
14198,31,0.001035733
14199,31,0.002071466
14200,31,0.000517866
14201,31,0.002071466
14202,31,0.009321595
14203,31,0.002071466
14204,31,0.001035733
14205,31,0.002589332
14207,31,0.001553599
14208,31,0.001035733
14215,57,0.021190716
14216,57,0.011099899
14217,57,0.009081736
14220,57,0.010090817
14222,57,0.007063572
14223,57,0.010090817
14224,57,0.005045409
14227,30,0.020857239
14228,30,0.010597368
14229,30,0.009449882
14246,58,0.001331558
14247,55,0.002189279
14252,55,0.001313567
14253,58,0.005326232
14254,40,0.000306701
14258,41,0.019547325
14262,38,0.006632852
14267,55,0.001313567
14274,40,0.00577621
14277,55,0.001188466
14280,55,0.000437856
14282,55,0.000437856
14283,55,0.000500407
14284,55,0.000375305
14286,40,0.003118131
14295,37,0.001158504
14308,40,0.005367275
14310,55,0.000500407
14312,55,0.000375305
14313,55,0.001376118
14318,40,0.000460052
14321,40,0.001686858
14333,41,0.004115226
14335,37,0.001579779
14341,40,0.000920104
14361,55,0.001125915
14362,58,0.003994674
14386,40,0.000920104
14389,40,0.002095793
14390,40,0.00214691
14393,37,0.001790416
14396,37,0.01569247
14398,37,0.012216956
14400,37,0.012006319
14407,40,0.00081787
14421,40,0.004140469
14423,41,0.019547325
14430,40,0.000408935
14436,40,0.00214691
14437,40,0.007003016
14442,40,0.001022338
14447,40,0.000102234
14457,40,0.002198027
14458,40,0.010632316
14470,55,0.00075061
14476,40,0.001380156
14477,37,0.002527646
14479,55,0.00150122
14500,38,0.010144362
14501,40,0.000408935
14525,55,0.004190905
14526,55,0.001063364
14532,55,0.000500407
14543,37,0.000105319
14550,40,0.001073455
14552,37,0.005792522
14573,40,0.000255585
14575,37,0.001263823
14583,40,0.000766754
14605,40,0.000153351
14627,55,0.001000813
14628,55,0.000437856
14652,40,0.000613403
14659,37,0.003791469
14663,55,0.001813974
14664,55,0.00150122
14668,55,0.002001626
14673,55,0.001125915
14678,55,0.001125915
14690,55,0.000813161
14705,40,0.000102234
14709,40,5.11E-05
14710,40,0.003271482
14711,40,0.00214691
14712,40,0.001686858
14734,40,0.000357818
14736,40,0.001277923
14751,40,0.001993559
14755,40,0.000204468
14766,58,0.001331558
14786,40,0.00066452
14792,40,0.000511169
14794,37,0.000105319
14795,40,0.000511169
14801,40,0.015130604
14802,38,0.063987515
14803,37,0.031806214
14807,38,0.010144362
14808,40,0.00296478
14809,37,0.012006319
14822,65,0.002269718
14828,65,0.002458861
14830,65,0.022697182
14831,65,0.012105164
14836,65,0.017401173
14839,65,0.091356157
14840,65,0.031208625
14844,65,0.017401173
14845,65,0.005485152
14846,65,0.006620011
14848,65,0.006430868
14865,40,0.00148239
14866,37,0.001685097
14891,58,0.011984021
14892,55,0.002126728
14899,37,0.000315956
14903,40,0.000306701
14913,37,0.000526593
14931,69,0.048864758
14934,31,0.002071466
14956,47,0.021527634
14957,47,0.018422687
14958,47,0.013661768
14960,47,0.006830884
14961,47,0.003311944
14962,47,0.002276961
14963,47,0.002690954
14964,47,0.005588905
14965,47,0.002690954
14966,47,0.002069965
14967,47,0.006416891
14968,47,0.003725937
14969,47,0.003725937
14970,47,0.003311944
14971,47,0.003104947
14973,47,0.002690954
14977,57,0.002018163
14979,61,0.001672241
14981,61,0.001114827
14984,61,0.001672241
14987,61,0.001672241
15001,61,0.003344482
15015,57,0.008072654
15017,62,0.030612245
15027,49,0.022235577
15031,49,0.004206731
15035,49,0.010817308
15037,49,0.016225962
15040,28,0.024270253
15042,24,0.00530504
15045,19,0.024053701
15047,61,0.080824972
15048,61,0.028985507
15049,61,0.049052397
15050,61,0.04793757
15052,61,0.006688963
15054,30,0.000202497
15063,30,0.001349983
15065,31,0.003107198
15066,28,0.020334536
15067,29,0.713414634
15069,28,0.114135782
15072,31,0.008803729
15073,31,0.003107198
15074,31,0.008285862
15077,31,0.019161056
15087,62,0.086734694
15088,62,0.051020408
15093,62,0.066326531
15096,62,0.091836735
15103,62,0.035714286
15104,62,0.045918367
15106,62,0
15112,65,0.021184036
15115,67,0.007213706
15116,67,0.004508566
15117,67,0.001803427
15118,67,0.003606853
15124,67,0.00541028
15128,67,0.00270514
15131,67,0.000901713
15134,67,0.006311993
15150,57,0.012108981
15151,43,0.012019231
15161,69,0.00148075
15162,69,0.005429418
15164,69,0.003455084
15165,69,0.004935834
15166,69,0.00148075
15167,69,0.000987167
15168,69,0.0029615
15169,69,0.004935834
15171,69,0.0029615
15172,69,0.00148075
15193,57,0.004036327
15206,43,0.004807692
15213,63,0.015926948
15214,63,0.001486515
15217,63,0.004884264
15219,63,0.001061797
15220,63,0.001274156
15221,63,0.003397749
15222,63,0.001274156
15223,63,0.001698874
15225,63,0.002123593
15226,63,0.008706732
15228,63,0.001486515
15229,63,0.002123593
15230,63,0.001911234
15232,63,0.001486515
15237,63,0.022297728
15238,63,0.048630282
15239,63,0.014228074
15240,63,0.028456148
15255,63,0.038012317
15256,63,0.063920153
15257,63,0.027606711
15260,63,0.011042684
15261,63,0.014440433
15262,63,0.014015715
15265,63,0.021023572
15266,63,0.00318539
15267,63,0.002335952
15270,63,0.005946061
15275,63,0.004671905
15276,63,0.002123593
15278,63,0.017413464
15279,63,0.009768528
15280,63,0.007644935
15281,63,0.00913145
15282,63,0.004247186
15283,63,0.002760671
15284,63,0.022510087
15285,63,0.011892121
15286,63,0.006795498
15287,63,0.019324697
15288,63,0.007432576
15289,63,0.005521342
15290,63,0.008494372
15291,63,0.00318539
15294,63,0.004034827
15295,63,0.001274156
15298,63,0.002548312
15299,63,0.002335952
15300,63,0.005733701
15302,63,0.006583139
15303,63,0.007220217
15304,63,0.003822468
15318,63,0.001061797
15321,63,0.001698874
15323,63,0.008069654
15326,63,0.000424719
15334,63,0.007432576
15338,63,0.00615842
15344,63,0.005733701
15348,63,0.012741559
15371,63,0.002760671
15374,63,0.000212359
15375,63,0.000424719
15392,63,0.004884264
15395,63,0.010193247
15397,63,0.004247186
15398,63,0.003822468
15399,63,0.005308983
15401,63,0.008706732
15402,63,0.008069654
15405,63,0.001911234
15406,63,0.003397749
15407,63,0.002335952
15410,63,0.00318539
15411,63,0.000849437
15412,63,0.000637078
15413,63,0.001061797
15414,63,0.000424719
15415,63,0.002335952
15416,63,0.000212359
15417,63,0.000212359
15419,63,0.000212359
15420,63,0.000424719
15423,63,0.001698874
15424,63,0.000424719
15438,63,0.00934381
15444,63,0.004034827
15446,63,0.014440433
15447,63,0.001911234
15450,63,0.004671905
15455,63,0.006583139
15456,63,0.000212359
15458,63,0.006370779
15459,63,0.002335952
15470,63,0.004459546
15472,63,0.002335952
15477,63,0.00297303
15478,63,0.007432576
15480,63,0.013166277
15481,63,0.03695052
15483,63,0.008919091
15484,63,0.011892121
15487,63,0.003397749
15488,63,0.00615842
15489,63,0.00615842
15490,63,0.007007857
15492,63,0.021023572
15493,63,0.025058399
15494,63,0.02781907
15495,63,0.007220217
15496,63,0.012529199
15497,63,0.016139308
15498,63,0.018262901
15499,63,0.000212359
15500,63,0.001486515
15503,63,0.007007857
15504,63,0.00297303
15507,63,0.009980888
15510,63,0.004671905
15511,63,0.018687619
15512,63,0.008706732
15513,63,0.002335952
15519,70,0.006363899
15520,70,0.003760486
15521,70,0.009256581
15523,43,0.007211538
15524,70,0.001157073
15546,40,0.001737975
15548,55,0.001125915
15552,37,0.01116377
15560,37,0.000105319
15571,55,0.0038156
15572,58,0.001331558
15574,58,0.003994674
15575,58,0.001331558
15577,58,0.005326232
15591,38,0.000780336
15594,40,0.000613403
15635,40,0.000460052
15640,37,0.00073723
15653,40,0.000357818
15680,40,0.00148239
15686,37,0.001895735
15692,55,0.000437856
15698,37,0.002422328
15702,37,0.000631912
15706,40,0.001584624
15739,55,0.001688872
15740,55,0.001313567
15757,55,0.00075061
15759,40,0.00081787
15760,40,0.000408935
15764,40,0.000255585
15776,38,0.000780336
15777,37,0.000105319
15780,55,0.001688872
15784,40,0.002095793
15785,38,0.016387046
15786,38,0.015606711
15788,38,0.006632852
15793,55,0.001313567
15797,58,0.003994674
15798,40,0.010836784
15805,40,0.004753872
15806,37,0.005687204
15807,58,0.001331558
15811,55,0.001438669
15812,41,0.012345679
15821,40,0.000255585
15832,40,0.001277923
15833,40,0.000971221
15835,40,0.001073455
15836,40,0.000920104
15844,55,0.001751423
15849,43,0.024038462
15850,62,0.020408163
15854,70,0.028637547
15855,70,0.001157073
15856,70,0.008388776
15857,70,0.018223894
15858,70,0.012149262
15859,70,0.007231704
15866,64,0.024888559
15868,64,0.002228826
15870,64,0.001857355
15875,67,0.009918846
15876,67,0.008115419
15877,67,0.00541028
15878,67,0.009017133
15885,62,0.051020408
15889,69,0.000493583
15892,69,0.000493583
15897,69,0.011352419
15898,69,0.014313919
15899,69,0.012833169
15900,69,0.012339585
15922,72,0.00166251
15924,72,0.001385425
15925,72,0.000277085
15926,72,0.00055417
15936,72,0.000831255
15938,72,0.001385425
15948,76,0.006993007
15971,61,0.002229654
15988,54,0.013597033
15989,49,0.049278846
15995,64,0.000742942
15998,64,0.001114413
16000,64,0.000371471
16002,64,0.001114413
16003,64,0.037147103
16004,64,0.013372957
16005,65,0.001702289
16007,64,0.000371471
16009,64,0.010401189
16012,64,0.020430906
16013,65,0.007944014
16016,65,0.006052582
16019,64,0.00371471
16020,65,0.007187441
16028,64,0.002228826
16031,64,0.000742942
16032,65,0.002269718
16033,65,0.001324002
16034,65,0.003026291
16035,65,0.005106866
16036,65,0.003972007
16037,65,0.00359372
16038,65,0.003972007
16040,65,0.002269718
16041,64,0.004457652
16042,65,0.009646302
16043,64,0.001857355
16045,64,0.002971768
16046,65,0.006052582
16047,64,0.000742942
16050,64,0.002228826
16052,64,0.018573551
16053,64,0.006315007
16054,64,0.01077266
16055,64,0.016716196
16056,64,0.038261516
16057,64,0.009658247
16058,65,0.000756573
16059,65,0.006241725
16061,64,0.003343239
16063,64,0.002600297
16064,64,0.000371471
16067,64,0.008543834
16068,64,0.015230312
16069,64,0.009286776
16071,65,0.015698884
16073,64,0.001114413
16075,64,0.002971768
16076,64,0.005200594
16077,64,0.004457652
16079,64,0.000742942
16083,65,0.000945716
16085,65,0.003215434
16086,65,0.00416115
16087,65,0.002080575
16089,65,0.001513145
16090,65,0.002648005
16091,65,0.005863439
16093,64,0.000371471
16094,64,0.000371471
16098,64,0.000742942
16102,64,0.000371471
16103,64,0.009286776
16105,64,0.000371471
16106,64,0.002600297
16108,65,0.006620011
16110,64,0.011515602
16111,64,0.002600297
16112,64,0.002971768
16113,64,0.030089153
16115,64,0.010401189
16116,64,0.010401189
16117,64,0.011887073
16118,64,0.014115899
16119,64,0.002600297
16120,64,0.001485884
16121,64,0.012258544
16122,64,0.007429421
16123,64,0.00371471
16125,64,0.011515602
16126,65,0.003404577
16128,64,0.009286776
16129,64,0.002600297
16130,65,0.005106866
16135,65,0.006998298
16136,64,0.007057949
16138,65,0.01305088
16140,65,0.005674295
16142,65,0.006241725
16143,64,0.016344725
16145,64,0.007057949
16146,64,0.010029718
16147,64,0.026374443
16153,64,0.018945022
16154,64,0.017087667
16155,64,0.008915305
16156,64,0.031203566
16158,64,0.007057949
16159,64,0.019316493
16160,64,0.011887073
16163,65,0.010781161
16164,64,0.004457652
16166,64,0.010401189
16167,64,0.059435364
16169,65,0.045394364
16170,64,0.018573551
16173,64,0.000371471
16174,65,0.001891432
16175,64,0.003343239
16177,64,0.011515602
16179,64,0.004829123
16180,64,0.008172363
16182,64,0.023031204
16184,65,0.018346889
16186,65,0.001891432
16187,64,0.005943536
16188,64,0.001485884
16190,64,0.003343239
16191,65,0.001513145
16195,64,0.040861813
16196,64,0.000371471
16197,64,0.008543834
16200,64,0.002971768
16205,65,0.019103461
16206,64,0.019687964
16207,64,0.009658247
16208,65,0.007376584
16209,65,0.017779459
16210,65,0.014942311
16211,65,0.001513145
16212,64,0.001114413
16219,64,0.01077266
16221,64,0.036775632
16225,64,0.000742942
16226,64,0.004829123
16227,65,0.039720068
16231,64,0.001114413
16232,64,0.004829123
16233,64,0.002600297
16234,65,0.010592018
16236,64,0.00371471
16237,64,0.008543834
16239,64,0.001114413
16243,64,0.002600297
16245,64,0.015973254
16246,64,0.001857355
16247,49,0.0546875
16248,54,0.044499382
16251,54,0.059332509
16260,61,0.000557414
16262,61,0.001114827
16264,61,0.002787068
16267,61,0.001114827
16278,76,0.002331002
16287,70,0.060457044
16311,67,0.018935978
16313,67,0.019837692
16315,67,0.046889089
16316,67,0.00270514
16334,31,0.001035733
16349,61,0.003344482
16350,61,0.003901895
16351,61,0.000557414
16353,43,0.007211538
16355,43,0.012019231
16361,69,0.011352419
16362,57,0.008072654
16366,31,0.002071466
16372,31,0.000517866
16376,31,0.002071466
16377,31,0.000517866
16388,31,0.001035733
16395,31,0.000517866
16396,31,0.000517866
16398,31,0.000517866
16436,40,0.001840209
16450,40,0.002351378
16451,37,0.001579779
16459,55,0.001063364
16461,55,0.001438669
16469,40,0.00081787
16474,40,0.000613403
16494,40,0.003220365
16534,40,0.000511169
16541,55,0.004065803
16543,55,0.000813161
16549,55,0.000875712
16556,37,0.000947867
16560,40,0.000460052
16567,40,0.000153351
16573,40,0.00132904
16582,37,0.002001053
16586,40,0.000971221
16595,37,0.000105319
16604,37,0.000105319
16629,37,0.005687204
16639,37,0.007056345
16653,40,0.000868987
16655,40,0.000153351
16657,40,0.000715637
16676,40,0.003015897
16679,37,0.000421274
16680,40,0.000357818
16721,40,0.000868987
16733,38,0.005462349
16735,37,0.00147446
16737,37,0.007898894
16784,30,0.002767465
16785,31,0.003107198
16786,43,0.016826923
16787,19,0.004475107
16788,19,0.008297595
16790,20,0.008288209
16803,78,0.057692308
16804,78,0.038461538
16820,78,0.057692308
16822,57,0.007063572
16823,49,0.001201923
16825,20,0.010498398
16826,20,0.001823406
16843,61,0.122073579
16844,61,0.0696767
16858,40,0.000408935
16866,37,0.000947867
16880,41,0.008230453
16885,37,0.000105319
16889,37,0.001685097
16898,37,0.006213797
16917,38,0.001950839
16922,40,0.001431273
16923,37,0.004949974
16937,55,0.001813974
16946,40,0.001891325
16953,40,0.000306701
16954,38,0.007413188
16957,38,0.001950839
16958,37,0.00073723
16975,40,0.004140469
16985,37,0.003054239
16987,37,0.000105319
16988,40,0.00281143
16997,40,0.00066452
17010,55,0.001125915
17011,55,0.003190092
17015,58,0.001331558
17017,55,0.001251016
17022,60,0.117647059
17027,55,0.001251016
17031,40,0.002913664
17032,37,0.003580832
17042,40,0.000511169
17046,40,0.003987119
17101,37,0.001790416
17104,40,0.00132904
17105,38,0.006242684
17107,37,0.000105319
17108,40,0.001277923
17112,40,0.000306701
17113,40,0.000306701
17131,38,0.002731174
17157,40,0.001022338
17162,40,0.003527066
17168,37,0.003580832
17184,40,5.11E-05
17201,40,0.000766754
17204,37,0.000421274
17220,40,0.000715637
17224,55,0.000437856
17225,55,0.001063364
17229,37,0.004844655
17237,37,0.000105319
17242,37,0.003896788
17261,40,0.00296478
17262,37,0.002422328
17270,37,0.008004213
17279,37,0.004844655
17290,40,0.004191586
17302,37,0.004528699
17306,40,0.000971221
17320,40,0.00066452
17321,37,0.001053186
17332,40,0.000408935
17335,40,0.003475949
17361,38,0.000780336
17364,40,0.000715637
17371,40,0.000357818
17374,40,0.002351378
17375,38,0.005072181
17376,37,0.004212744
17385,40,0.000255585
17387,40,0.004907223
17388,37,0.002738283
17390,40,0.000204468
17391,40,0.000511169
17392,40,0.000357818
17403,41,0.018518519
17409,40,0.004447171
17416,40,0.00148239
17420,37,0.001579779
17440,40,0.000204468
17449,40,0.000868987
17451,40,0.000204468
17458,38,0.014436208
17459,37,0.002527646
17461,37,0.001053186
17468,37,0.000105319
17469,40,0.001789092
17481,38,0.011705033
17482,37,0.000105319
17531,37,0.000421274
17534,37,0.001579779
17544,37,0.002106372
17568,40,0.000204468
17581,40,0.005827327
17595,43,0.016826923
17597,43,0.014423077
17598,43,0.009615385
17610,57,0.016145308
17620,57,0.007063572
17625,43,0.007211538
17637,61,0.001114827
17638,61,0.000557414
17640,49,0.005408654
17641,49,0.006610577
17655,69,0.033070089
17657,69,0.005923001
17658,69,0.003455084
17660,69,0.034057256
17662,69,0.024185587
17665,63,0.000849437
17666,63,0.002548312
17674,31,0.001553599
17702,31,0.001035733
17711,49,0.003605769
17712,49,0.001802885
17714,49,0.000600962
17717,79,1
17734,43,0.016826923
17747,70,0.011281458
17748,70,0.014463408
17750,49,0.009615385
17755,20,0.002044425
17756,43,0.026442308
17764,40,0.001380156
17772,38,0.037846274
17773,38,0.018337885
17774,37,0.012743549
17775,40,0.010172264
17785,40,0.001737975
17811,40,0.002044676
17831,40,0.001277923
17840,40,0.000204468
17847,40,5.11E-05
17848,40,0.000613403
17869,40,0.000868987
17874,38,0.001560671
17882,40,0.000971221
17887,40,0.001737975
17888,40,0.00132904
17889,41,0.016460905
17890,40,0.000102234
17897,40,0.004396054
17898,37,0.005897841
17903,37,0.000210637
17921,55,0.001313567
17931,37,0.002632965
17936,37,0.000526593
17945,40,0.001175689
17948,37,0.000421274
17963,41,0.008230453
17976,37,0.000105319
17978,40,0.001993559
17982,40,0.000357818
17987,40,0.001380156
17988,40,0.000868987
17989,40,0.000460052
17990,40,0.001277923
17996,58,0.007989348
18011,43,0.004807692
18015,54,0.021013597
18016,49,0.016225962
18017,43,0.009615385
18022,49,0.003605769
18023,54,0.007416564
18025,70,0.009835117
18026,70,0.006363899
18027,70,0.00462829
18028,70,0.008388776
18029,70,0.004049754
18030,70,0.012727799
18031,70,0.006653167
18032,70,0.006363899
18033,70,0.007231704
18034,70,0.006942436
18036,70,0.015331212
18038,70,0.008099508
18039,70,0.009256581
18041,70,0.004049754
18042,70,0.019959502
18043,70,0.016199016
18044,70,0.010124385
18045,70,0.011281458
18047,70,0.003760486
18048,70,0.002314145
18049,70,0.007520972
18059,49,0.006610577
18069,62,0.051020408
18091,43,0.019230769
18099,57,0.008072654
18100,57,0.005045409
18101,61,0.042920847
18102,61,0.007246377
18104,61,0.018952062
18105,61,0.007246377
18106,61,0.03567447
18107,61,0.005016722
18108,61,0.026198439
18109,61,0.017279822
18115,37,0.004423381
18125,40,0.000460052
18129,40,0.003833768
18131,37,0.000105319
18140,55,0.002001626
18146,37,0.000842549
18147,40,0.002658079
18163,40,0.001584624
18181,38,0.00351151
18183,55,0.000562957
18184,57,0.025227043
18186,57,0.021190716
18187,57,0.013118063
18188,57,0.007063572
18192,57,0.009081736
18195,57,0.003027245
18200,55,0.001000813
18201,55,0.000625508
18205,57,0.007063572
18208,57,0.010090817
18209,57,0.004036327
18219,57,0.011099899
18253,57,0.007063572
18255,55,0.001188466
18257,55,0.001000813
18259,55,0.001063364
18274,55,6.26E-05
18277,55,0.000375305
18278,57,0.00605449
18280,55,0.001313567
18303,57,0.002018163
18315,57,0.019172553
18320,55,0.001751423
18322,55,0.002126728
18325,55,0.001125915
18326,55,0.001125915
18327,57,0.013118063
18333,57,0.012108981
18334,55,0.001939075
18338,57,0.012108981
18339,57,0.004036327
18341,55,0.000938262
18342,55,0.001000813
18344,55,0.001688872
18355,55,0.000813161
18357,57,0.036326942
18360,55,0.002001626
18361,57,0.009081736
18363,57,0.008072654
18368,55,0.001751423
18370,55,0.000938262
18375,57,0.016145308
18378,55,0.001313567
18379,55,0.000875712
18380,55,0.000875712
18384,55,0.001438669
18393,57,0.011099899
18397,55,0.001438669
18411,55,0.000437856
18417,55,0.001125915
18425,57,0.002018163
18430,55,0.00075061
18434,55,0.00075061
18438,55,0.013823732
18439,55,0.001939075
18445,55,0.000938262
18454,55,0.000375305
18456,55,0.01138425
18457,57,0.014127144
18462,55,0.00150122
18464,55,0.000688059
18466,55,0.000875712
18476,55,0.000187652
18479,55,0.011509351
18481,55,0.002376931
18482,57,0.00605449
18483,57,0.007063572
18484,55,0.001438669
18487,57,0.035317861
18490,57,0.002018163
18494,57,0.027245207
18497,55,0.002439482
18498,55,0.000250203
18499,55,0.001813974
18500,55,0.000688059
18501,57,0.009081736
18511,55,0.001876525
18514,57,0.002018163
18530,40,0.000102234
18543,40,0.000562286
18570,40,0.002249144
18571,38,0.008583691
18572,37,0.002527646
18573,38,0.003121342
18579,37,0.001053186
18587,38,0.001950839
18595,41,0.072016461
18617,55,0.001125915
18619,55,0.000938262
18620,55,0.00075061
18622,40,0.003118131
18623,38,0.007803355
18641,40,0.003015897
18643,38,0.000390168
18646,55,0.001939075
18653,40,5.11E-05
18654,40,5.11E-05
18669,55,0.001376118
18671,55,0.000187652
18672,55,0.001438669
18675,55,0.000625508
18677,55,0.001376118
18679,55,0.00075061
18680,55,0.001313567
18685,55,0.001251016
18686,55,0.000813161
18688,55,0.001376118
18690,55,0.000187652
18696,55,0.001125915
18699,55,0.001563771
18701,55,0.001688872
18704,55,0.001376118
18708,40,0.00066452
18714,40,0.000511169
18715,40,0.000511169
18719,40,0.001226806
18724,40,0.00081787
18734,40,0.002198027
18739,37,0.000105319
18743,55,0.000813161
18759,40,0.000868987
18764,40,5.11E-05
18777,37,0.000315956
18778,37,0.000210637
18779,37,0.000210637
18793,40,0.000408935
18825,40,0.001584624
18831,40,0.000255585
18835,40,0.000153351
18841,40,0.000766754
18843,40,0.00066452
18849,40,0.000153351
18882,40,0.000715637
18883,37,0.000105319
18884,40,0.001022338
18887,40,0.000357818
18910,40,0.004753872
18911,37,0.003791469
18924,40,0.002555845
18926,40,0.000357818
18939,40,0.000255585
18944,40,0.000715637
18968,40,5.11E-05
18975,40,0.000920104
18980,40,0.000357818
19001,40,0.00214691
19015,40,0.00132904
19023,40,0.000204468
19024,37,0.001263823
19033,40,0.000920104
19034,37,0.001158504
19036,58,0.003994674
19037,55,0.002439482
19039,58,0.001331558
19040,55,0.000312754
19041,55,0.001939075
19043,55,0.002627135
19045,55,0.000813161
19046,55,0.001188466
19049,58,0.002663116
19050,55,0.001251016
19051,55,0.001376118
19053,40,0.000511169
19058,40,0.001789092
19075,40,5.11E-05
19080,40,0.000460052
19087,40,0.000460052
19088,40,0.000613403
19092,38,0.004291845
19093,38,0.021849395
19094,37,0.001369142
19098,40,0.000255585
19116,40,0.002453611
19117,38,0.01404604
19118,37,0.003580832
19119,37,0.000105319
19125,40,0.009201043
19126,40,0.000357818
19127,40,0.000460052
19132,37,0.001579779
19144,40,0.003936002
19162,37,0.002738283
19163,40,0.005980678
19176,55,0.000875712
19183,37,0.000210637
19204,40,0.000460052
19205,37,0.000421274
19220,55,0.001563771
19240,37,0.000210637
19244,40,0.000408935
19258,57,0.010090817
19282,31,0.008285862
19286,57,0.007063572
19288,54,0.0407911
19289,67,0.036970243
19290,67,0.054102795
19291,67,0.051397656
19295,49,0.024639423
19305,49,0.006610577
19308,49,0.007211538
19309,49,0.002403846
19310,54,0.012360939
19313,57,0.011099899
19317,57,0.012108981
19325,78,0.019230769
19331,49,0.003004808
19334,49,0.001201923
19337,49,0.004807692
19338,49,0.005408654
19339,49,0.011418269
19341,49,0.020432692
19344,49,0.004206731
19345,49,0.005408654
19346,49,0.005408654
19347,54,0.022249691
19405,29,0.099593496
19406,28,0.003935717
19415,30,0.001417482
19422,43,0.007211538
19423,43,0.004807692
19425,78,0.115384615
19426,78,0.115384615
19430,22,0.05952381
19431,20,0.003094265
19436,30,0.006952413
19438,19,0.010255454
19439,20,0.000718311
19440,23,0.007409829
19441,24,0.007625995
19442,31,0.000517866
19443,31,0.002071466
19454,19,9.32E-05
19455,23,0.000217936
19460,43,0.009615385
19463,43,0.004807692
19464,43,0.009615385
19478,61,0.000557414
19479,61,0.000557414
19487,61,0.00613155
19490,61,0.001114827
19507,61,0.00780379
19511,57,0.002018163
19539,40,0.000306701
19552,40,0.000204468
19559,37,0.000105319
19576,38,0.003901678
19578,40,0.000204468
19580,38,0.00351151
19581,37,0.001053186
19588,55,0.00075061
19590,40,0.000102234
19597,40,0.002504728
19602,40,0.002555845
19611,40,0.000255585
19613,40,0.000613403
19618,37,0.002843602
19621,40,0.000306701
19634,37,0.004318062
19636,41,0.002057613
19642,40,5.11E-05
19648,40,0.000562286
19650,37,0.010742496
19655,40,0.002913664
19656,38,0.022239563
19657,37,0.005371248
19659,40,0.005571743
19672,37,0.001263823
19674,38,0.008193523
19688,37,0.01569247
19690,41,0.002057613
19692,40,0.001686858
19697,58,0.003994674
19742,40,0.001226806
19744,40,0.00148239
19752,40,0.000255585
19754,37,0.000631912
19765,40,0.00066452
19772,37,0.000210637
19774,41,0.034979424
19778,38,0.009364027
19789,41,0.00308642
19794,40,0.002606962
19795,38,0.010924698
19796,38,0.010924698
19797,37,0.002843602
19799,40,5.11E-05
19814,40,0.000511169
19817,40,0.003067014
19825,37,0.000105319
19835,40,0.000460052
19839,40,0.000255585
19847,55,0.000562957
19852,58,0.005326232
19857,40,0.000562286
19858,40,0.001226806
19884,55,0.002814787
19885,55,0.000375305
19888,37,0.001263823
19893,40,0.000868987
19894,37,0.002738283
19900,40,0.00132904
19902,37,0.002106372
19908,55,0.000938262
19913,40,0.00214691
19927,57,0.003027245
19948,49,0.004807692
19951,69,0.015794669
19957,49,0.0078125
19967,61,0.001114827
19968,61,0.001672241
19969,61,0.003344482
19970,61,0.003901895
19979,61,0.001672241
19981,43,0.009615385
19985,30,0.007627405
19996,31,0.003625065
19997,31,0.002071466
19998,31,0.001035733
19999,31,0.001035733
20009,31,0.002071466
20016,31,0.002071466
20017,30,0.001282484
20019,57,0.007063572
20025,31,0.000517866
20041,40,0.003475949
20048,38,0.002731174
20070,40,0.000153351
20072,37,0.000421274
20091,40,0.001789092
20092,40,0.000613403
20093,40,0.001277923
20099,40,0.000306701
20104,55,0.001125915
20111,55,0.001313567
20125,37,0.003791469
20183,54,0.038318912
20184,49,0.0078125
20185,49,0.001201923
20187,49,0.002403846
20189,49,0.019831731
20192,49,0.010817308
20195,49,0.012620192
20197,49,0.001201923
20202,40,0.002198027
20204,37,0.008636124
20212,37,0.000105319
20214,40,5.11E-05
20217,40,0.001226806
20218,40,0.000460052
20219,40,0.000715637
20224,37,0.000421274
20225,40,0.002606962
20231,40,0.001686858
20243,40,0.001277923
20259,40,0.001226806
20264,40,0.000613403
20265,40,0.00132904
20266,40,0.000868987
20271,40,0.001431273
20274,40,0.000562286
20285,40,0.007820886
20286,37,0.008109531
20303,40,0.022338087
20304,37,0.05444971
20305,40,0.004344937
20316,37,0.002317009
20327,43,0.016826923
20334,72,0.00055417
20335,72,0.006095871
20337,72,0.003879191
20338,72,0.008312552
20339,72,0.000831255
20343,72,0.000277085
20344,72,0.000831255
20346,72,0.004710446
20347,72,0.002216681
20348,72,0.000277085
20349,72,0.00166251
20350,72,0.006650042
20352,72,0.001385425
20354,72,0.003602106
20355,72,0.003602106
20360,72,0.00110834
20361,72,0.005818786
20367,72,0.004987531
20374,72,0.00055417
20377,72,0.007481297
20385,72,0.001385425
20386,72,0.030202272
20393,72,0.003325021
20394,72,0.003047936
20395,72,0.007758382
20396,72,0.001939595
20404,72,0.025491826
20405,72,0.023552231
20407,72,0.000831255
20408,72,0.00110834
20411,72,0.003047936
20413,72,0.001385425
20416,72,0.003602106
20433,72,0.00055417
20434,72,0.007204212
20448,72,0.024383486
20454,72,0.001385425
20455,72,0.00055417
20456,72,0.00110834
20462,72,0.003602106
20463,72,0.012468828
20475,72,0.013300083
20487,72,0.00166251
20488,72,0.00166251
20516,72,0.00166251
20517,72,0.002216681
20518,72,0.00110834
20533,72,0.000831255
20536,72,0.004433361
20537,72,0.003879191
20540,72,0.003602106
20559,72,0.000277085
20565,72,0.001939595
20567,72,0.004433361
20568,72,0.005818786
20569,72,0.004433361
20570,72,0.008312552
20571,72,0.00166251
20581,72,0.006095871
20602,72,0.004156276
20604,72,0.008589637
20605,72,0.003047936
20606,72,0.022720975
20607,72,0.018287614
20608,72,0.031033527
20609,72,0.029371017
20610,72,0.02133555
20611,72,0.021612635
20612,72,0.016625104
20613,72,0.064283735
20614,72,0.029648102
20615,72,0.029648102
20616,72,0.02299806
20617,72,0.005264616
20618,72,0.000831255
20619,72,0.000831255
20622,72,0.003602106
20623,72,0.005818786
20624,72,0.004156276
20625,72,0.010252147
20626,72,0.003325021
20627,72,0.005818786
20628,72,0.008866722
20629,72,0.037960654
20630,72,0.025768911
20631,72,0.008866722
20643,72,0.002770851
20644,72,0.008035467
20649,72,0.003879191
20650,72,0.00166251
20653,72,0.003325021
20656,72,0.004156276
20660,72,0.003047936
20669,72,0.00055417
20678,72,0.002770851
20717,72,0.006927127
20718,72,0.003047936
20725,72,0.001385425
20726,72,0.004987531
20727,72,0.00166251
20728,72,0.002493766
20729,72,0.002493766
20730,72,0.009143807
20731,72,0.002770851
20732,72,0.002770851
20734,72,0.003047936
20735,72,0.00166251
20736,72,0.004987531
20739,72,0.006095871
20741,72,0.00110834
20743,72,0.003325021
20744,72,0.002770851
20746,72,0.002216681
20747,72,0.00110834
20748,72,0.002216681
20749,72,0.004433361
20751,72,0.004156276
20752,72,0.00110834
20764,72,0.00110834
20800,72,0.002770851
20801,72,0.002493766
20803,72,0.001939595
20812,72,0.001385425
20821,72,0.00110834
20827,72,0.00110834
20829,72,0.003047936
20830,72,0.002770851
20831,72,0.006095871
20832,72,0.004710446
20833,72,0.005541701
20834,72,0.00055417
20844,72,0.004156276
20862,72,0.003325021
20866,72,0.035466888
20881,72,0.004433361
20882,72,0.005818786
20883,72,0.003325021
20884,72,0.003047936
20903,72,0.003325021
20909,72,0.00166251
20912,72,0.00166251
20916,72,0.001385425
20918,72,0.001385425
20919,72,0.000277085
20921,72,0.000831255
20928,72,0.00110834
20949,71,1
20951,69,0.007897335
20952,69,0.001974334
20953,69,0.003948667
20954,69,0.006416584
20956,31,0.008803729
20958,30,6.75E-05
21001,61,0.000557414
21007,61,0.000557414
21010,61,0.000557414
21021,61,0.002229654
21022,61,0.005016722
21080,61,0.003344482
21086,61,0.000557414
21097,61,0.000557414
21098,61,0.001114827
21103,61,0.003901895
21104,61,0.000557414
21105,61,0.002787068
21107,61,0.000557414
21109,61,0.007246377
21110,61,0.00780379
21111,61,0.005016722
21112,61,0.003901895
21114,61,0.000557414
21117,61,0.005574136
21118,61,0.007246377
21119,61,0.003901895
21120,61,0.003344482
21136,61,0.005016722
21137,61,0.004459309
21139,61,0.002787068
21195,61,0.000557414
21243,61,0.000557414
21270,61,0.000557414
21283,61,0.002787068
21284,61,0.001114827
21342,58,0.001331558
21355,38,0.006242684
21357,37,0.000105319
21358,37,0.004739336
21361,41,0.049382716
21362,41,0.022633745
21363,41,0.017489712
21364,40,0.006542964
21365,38,0.011314865
21366,38,0.004682013
21367,37,0.003264876
21369,40,0.004038235
21377,40,0.001993559
21386,40,0.002453611
21388,37,0.000105319
21400,37,0.002527646
21404,40,0.006849665
21407,55,0.000562957
21408,55,0.000625508
21425,38,0.000780336
21427,40,0.002300261
21440,40,0.003833768
21441,38,0.003121342
21442,38,0.00702302
21443,37,0.001263823
21445,40,0.000715637
21447,38,0.016777214
21449,40,0.001686858
21450,37,0.001053186
21458,40,0.000868987
21460,40,0.00066452
21485,49,0.030649038
21486,54,0.038318912
21488,62,0.010204082
21519,40,0.000357818
21528,40,0.000460052
21530,55,0.000312754
21536,55,0.001813974
21548,40,0.001789092
21562,55,0.002376931
21591,40,0.000511169
21592,58,0.00665779
21597,55,0.000625508
21604,40,0.000357818
21612,40,0.001431273
21619,37,0.00221169
21622,41,0.00308642
21623,38,0.000780336
21624,37,0.014218009
21656,40,0.002198027
21664,40,0.000102234
21669,40,0.002453611
21670,40,0.002555845
21671,40,0.00214691
21673,38,0.015606711
21674,37,0.004212744
21676,40,0.002760313
21678,40,0.000255585
21681,40,0.001789092
21682,40,0.001380156
21683,40,0.000920104
21684,40,0.001635741
21692,37,0.000105319
21706,40,0.000460052
21714,37,0.000105319
21722,58,0.002663116
21732,40,0.000562286
21733,40,0.000766754
21759,37,0.002422328
21760,41,0.025720165
21761,41,0.027777778
21762,41,0.052469136
21765,40,5.11E-05
21787,43,0.026442308
21790,61,0.001672241
21792,61,0.00613155
21793,61,0.006688963
21794,61,0.009476031
21795,61,0.006688963
21803,31,0.001035733
21811,37,0.012111638
21812,40,0.000868987
21825,40,0.000102234
21826,38,0.002731174
21827,41,0.009259259
21830,41,0.010288066
21835,41,0.023662551
21842,40,0.000562286
21843,37,0.000105319
21844,41,0.007201646
21848,40,0.000408935
21881,40,0.003936002
21902,37,0.002527646
21906,38,0.004682013
21914,38,0.007803355
21928,55,0.001751423
21929,55,0.00150122
21937,61,0.012263099
21942,61,0.016722408
21948,61,0.000557414
21955,61,0.010033445
21956,61,0.011148272
21957,61,0.000557414
21961,67,0.018034265
21962,67,0.012623986
21967,67,0.03336339
21968,67,0.050495942
21973,61,0.002229654
21976,61,0.028985507
21978,44,1
21980,57,0.009081736
21995,31,0.001553599
22001,40,0.003833768
22002,40,0.002453611
22003,40,0.002555845
22004,40,0.002249144
22005,40,0.001533507
22006,40,0.001533507
22013,38,0.008193523
22015,37,0.000210637
22017,40,0.001022338
22050,40,0.000613403
22054,58,0.001331558
22059,38,0.00351151
22060,37,0.003159558
22071,40,0.000971221
22087,83,0.235682819
22088,83,0.52092511
22091,83,0.11123348
22092,83,0.13215859
22100,42,0.153804641
22101,42,0.056664868
22102,42,0.260658392
22104,55,0.002689685
22105,38,0.010144362
22106,38,0.003121342
22111,43,0.009615385
22118,37,0.00147446
22139,38,0.005852517
22145,37,0.001369142
22154,37,0.001579779
22162,40,0.001584624
22163,40,0.003782651
22164,37,0.004634018
22166,54,0.033374536
22167,49,0.052283654
